<TICKER>,<DTYYYYMMDD>,<FIRST>,<HIGH>,<LOW>,<CLOSE>,<VALUE>,<VOL>,<OPENINT>,<PER>,<OPEN>,<LAST>

Kara ETF,20241106, 20604.00, 20605.00, 20604.00, 20604.00,1886303239703.00, 91548983,1491,D,20584.00,20605.00
Kara ETF,20241105, 20584.00, 20585.00, 20584.00, 20584.00,1398226488214.00, 67927124,1657,D,20563.00,20585.00
Kara ETF,20241104, 20563.00, 20565.00, 20563.00, 20563.00,2898838617450.00, 140972794,1256,D,20540.00,20563.00
Kara ETF,20241103, 20540.00, 20542.00, 20540.00, 20540.00,1719474658216.00, 83711809,1525,D,20519.00,20540.00
Kara ETF,20241102, 20519.00, 20520.00, 20519.00, 20519.00,4383138914039.00, 213611199,1462,D,20492.00,20520.00
Kara ETF,20241030, 20492.00, 20493.00, 20491.00, 20492.00,4226530021153.00, 206254360,1581,D,20471.00,20493.00
Kara ETF,20241029, 20471.00, 20474.00, 20471.00, 20471.00,2209721234212.00, 107942200,1175,D,20451.00,20471.00
Kara ETF,20241028, 20451.00, 20453.00, 20451.00, 20451.00,2227949739234.00, 108939889,1060,D,20431.00,20452.00
Kara ETF,20241027, 20431.00, 20433.00, 20431.00, 20431.00,2368452158620.00, 115923352,1469,D,20410.00,20432.00
Kara ETF,20241026, 20410.00, 20412.00, 20410.00, 20410.00,2443414781900.00, 119715724,1521,D,20385.00,20411.00
Kara ETF,20241023, 20384.00, 20385.00, 20384.00, 20385.00,1896852838853.00, 93053533,1465,D,20364.00,20385.00
Kara ETF,20241022, 20364.00, 20367.00, 20364.00, 20364.00,2595283580279.00, 127442705,1179,D,20343.00,20365.00
Kara ETF,20241021, 20343.00, 20345.00, 20343.00, 20343.00,2313937575959.00, 113745739,1387,D,20324.00,20343.00
Kara ETF,20241020, 20322.00, 20326.00, 20322.00, 20324.00,3858316230421.00, 189842313,1163,D,20302.00,20323.00
Kara ETF,20241019, 20302.00, 20303.00, 20302.00, 20302.00,1419842511840.00, 69935334,1108,D,20261.00,20302.00
Kara ETF,20241016, 20261.00, 20267.00, 20260.00, 20261.00,1088848487421.00, 53741499,798,D,20240.00,20263.00
Kara ETF,20241015, 20240.00, 20241.00, 20240.00, 20240.00,1843927202093.00, 91102629,1200,D,20220.00,20240.00
Kara ETF,20241014, 20220.00, 20222.00, 20220.00, 20220.00,2284718403765.00, 112991836,966,D,20202.00,20221.00
Kara ETF,20241013, 20202.00, 20204.00, 20202.00, 20202.00,1441047573372.00, 71331165,1418,D,20184.00,20202.00
Kara ETF,20241012, 20183.00, 20189.00, 20183.00, 20184.00,2030593114905.00, 100601657,1219,D,20157.00,20183.00
Kara ETF,20241009, 20154.00, 20161.00, 20154.00, 20157.00,678708668044.00, 33670551,895,D,20136.00,20161.00
Kara ETF,20241008, 20136.00, 20137.00, 20136.00, 20136.00,1665476587739.00, 82710745,995,D,20118.00,20137.00
Kara ETF,20241007, 20118.00, 20119.00, 20118.00, 20118.00,1999615803914.00, 99392468,1022,D,20100.00,20118.00
Kara ETF,20241006, 20100.00, 20102.00, 20100.00, 20100.00,1154513762434.00, 57437418,870,D,20082.00,20101.00
Kara ETF,20241005, 20082.00, 20083.00, 20082.00, 20082.00,1823498677513.00, 90800956,1112,D,20053.00,20083.00
Kara ETF,20241002, 20052.00, 20059.00, 20052.00, 20053.00,1441955090416.00, 71905862,1156,D,20034.00,20054.00
Kara ETF,20241001, 20034.00, 20036.00, 20034.00, 20034.00,2019531777294.00, 100804419,899,D,20017.00,20035.00
Kara ETF,20240930, 20016.00, 20018.00, 20016.00, 20017.00,3045162220651.00, 152132316,1818,D,19999.00,20017.00
Kara ETF,20240929, 19999.00, 20001.00, 19999.00, 19999.00,1334276761709.00, 66716550,903,D,19981.00,20000.00
Kara ETF,20240928, 19981.00, 19982.00, 19981.00, 19981.00,2405152502912.00, 120370815,1299,D,19953.00,19981.00
Kara ETF,20240925, 19949.00, 19955.00, 19948.00, 19953.00,1966025836700.00, 98533891,1208,D,19931.00,19955.00
Kara ETF,20240924, 19931.00, 19933.00, 19931.00, 19931.00,4239491188108.00, 212707128,1555,D,19914.00,19932.00
Kara ETF,20240923, 19914.00, 19915.00, 19914.00, 19914.00,3591049490445.00, 180325622,1895,D,19895.00,19914.00
Kara ETF,20240922, 19895.00, 19897.00, 19895.00, 19895.00,3745288352151.00, 188251276,1573,D,19874.00,19897.00
Kara ETF,20240918, 19875.00, 19876.00, 19874.00, 19874.00,3942379201783.00, 198365085,1156,D,19834.00,19876.00
Kara ETF,20240917, 19834.00, 19835.00, 19834.00, 19834.00,1851871255820.00, 93367687,1107,D,19816.00,19834.00
Kara ETF,20240916, 19816.00, 19818.00, 19816.00, 19816.00,1543940541642.00, 77912378,1391,D,19799.00,19816.00
Kara ETF,20240915, 19799.00, 19801.00, 19799.00, 19799.00,2207353213508.00, 111486786,1001,D,19781.00,19800.00
Kara ETF,20240914, 19781.00, 19782.00, 19781.00, 19781.00,2051472552850.00, 103708740,1210,D,19752.00,19782.00
Kara ETF,20240911, 19750.00, 19757.00, 19750.00, 19752.00,1347788014332.00, 68234962,1025,D,19733.00,19757.00
Kara ETF,20240910, 19733.00, 19735.00, 19733.00, 19733.00,1043520722237.00, 52881464,878,D,19716.00,19733.00
Kara ETF,20240909, 19716.00, 19719.00, 19716.00, 19716.00,2718125480184.00, 137862407,1240,D,19699.00,19716.00
Kara ETF,20240908, 19699.00, 19700.00, 19699.00, 19699.00,1273951359358.00, 64670098,1004,D,19682.00,19699.00
Kara ETF,20240907, 19682.00, 19684.00, 19682.00, 19682.00,1500326993246.00, 76227051,1625,D,19666.00,19683.00
Kara ETF,20240903, 19666.00, 19668.00, 19665.00, 19666.00,2117369360231.00, 107669090,1247,D,19609.00,19666.00
Kara ETF,20240901, 19608.00, 19612.00, 19608.00, 19609.00,3839647188329.00, 195808967,1205,D,19583.00,19612.00
Kara ETF,20240831, 19583.00, 19584.00, 19583.00, 19583.00,2876833475778.00, 146903642,1780,D,19553.00,19583.00
Kara ETF,20240828, 19548.00, 19557.00, 19548.00, 19553.00,1773600443160.00, 90707314,1266,D,19530.00,19554.00
Kara ETF,20240827, 19530.00, 19531.00, 19530.00, 19530.00,1373661506833.00, 70334563,1215,D,19513.00,19530.00
Kara ETF,20240826, 19513.00, 19514.00, 19513.00, 19513.00,2073136421089.00, 106242809,1227,D,19491.00,19514.00
Kara ETF,20240824, 19495.00, 19495.00, 19490.00, 19491.00,1041971068500.00, 53460191,1352,D,19459.00,19490.00
Kara ETF,20240821, 19458.00, 19463.00, 19457.00, 19459.00,1023120487596.00, 52577264,1321,D,19439.00,19463.00
Kara ETF,20240820, 19440.00, 19440.00, 19439.00, 19439.00,1289024487387.00, 66310447,875,D,19422.00,19440.00
Kara ETF,20240819, 19422.00, 19423.00, 19422.00, 19422.00,1181589697920.00, 60836923,1022,D,19405.00,19423.00
Kara ETF,20240818, 19405.00, 19406.00, 19405.00, 19405.00,1419997429318.00, 73176221,1013,D,19388.00,19405.00
Kara ETF,20240817, 19388.00, 19389.00, 19388.00, 19388.00,2035002941693.00, 104961423,1660,D,19359.00,19388.00
Kara ETF,20240814, 19356.00, 19363.00, 19356.00, 19359.00,1605671517030.00, 82940090,1162,D,19339.00,19363.00
Kara ETF,20240813, 19339.00, 19341.00, 19339.00, 19339.00,2411259757357.00, 124682361,1194,D,19320.00,19339.00
Kara ETF,20240812, 19320.00, 19321.00, 19320.00, 19320.00,2657695528685.00, 137559940,1274,D,19305.00,19320.00
Kara ETF,20240811, 19305.00, 19306.00, 19305.00, 19305.00,652092112725.00, 33777842,970,D,19290.00,19306.00
Kara ETF,20240810, 19290.00, 19292.00, 19290.00, 19290.00,2091459608841.00, 108420323,1504,D,19244.00,19291.00
Kara ETF,20240807, 0.00, 0.00, 0.00, 19244.00,0.00, 0,0,D,19244.00,19244.00
Kara ETF,20240806, 19245.00, 19245.00, 19244.00, 19244.00,1976093666303.00, 102684411,1554,D,19227.00,19244.00
Kara ETF,20240805, 19227.00, 19229.00, 19227.00, 19227.00,2680976523407.00, 139436885,1506,D,19210.00,19228.00
Kara ETF,20240804, 19211.00, 19211.00, 19210.00, 19210.00,1779071700921.00, 92610477,1236,D,19193.00,19211.00
Kara ETF,20240803, 19193.00, 19194.00, 19193.00, 19193.00,2658743849501.00, 138525286,1902,D,19166.00,19193.00
Kara ETF,20240731, 19165.00, 19171.00, 19164.00, 19166.00,942214386384.00, 49160898,1356,D,19147.00,19164.00
Kara ETF,20240730, 19147.00, 19149.00, 19147.00, 19147.00,1873718469974.00, 97858516,1173,D,19130.00,19148.00
Kara ETF,20240729, 19130.00, 19132.00, 19130.00, 19130.00,1310598412319.00, 68509399,1527,D,19097.00,19130.00
Kara ETF,20240727, 19097.00, 19098.00, 19097.00, 19097.00,1647568431595.00, 86272909,1530,D,19075.00,19098.00
Kara ETF,20240724, 19072.00, 19077.00, 19072.00, 19075.00,1543370775428.00, 80910920,1153,D,19052.00,19076.00
Kara ETF,20240723, 19052.00, 19054.00, 19052.00, 19052.00,1248248230928.00, 65516556,1256,D,19035.00,19052.00
Kara ETF,20240722, 19035.00, 19037.00, 19035.00, 19035.00,1594995493257.00, 83791876,1502,D,19018.00,19036.00
Kara ETF,20240721, 19018.00, 19020.00, 19018.00, 19018.00,1432917519196.00, 75344084,1405,D,19001.00,19019.00
Kara ETF,20240720, 19001.00, 19004.00, 19001.00, 19001.00,3644595558806.00, 191809654,1488,D,18963.00,19002.00
Kara ETF,20240717, 18961.00, 18967.00, 18960.00, 18963.00,1396937372442.00, 73665642,1420,D,18933.00,18967.00
Kara ETF,20240714, 18933.00, 18936.00, 18933.00, 18933.00,2410660987710.00, 127323223,1436,D,18906.00,18936.00
Kara ETF,20240713, 18906.00, 18908.00, 18906.00, 18906.00,3288800175367.00, 173954046,1704,D,18884.00,18907.00
Kara ETF,20240710, 18879.00, 18885.00, 18879.00, 18884.00,1160271529386.00, 61442908,1435,D,18861.00,18885.00
Kara ETF,20240709, 18861.00, 18863.00, 18861.00, 18861.00,1320480871619.00, 70009372,1752,D,18845.00,18861.00
Kara ETF,20240708, 18844.00, 18846.00, 18844.00, 18845.00,2277392829234.00, 120851462,1962,D,18827.00,18846.00
Kara ETF,20240707, 18827.00, 18829.00, 18827.00, 18827.00,2488448694988.00, 132173094,1781,D,18811.00,18828.00
Kara ETF,20240706, 18811.00, 18813.00, 18811.00, 18811.00,5145206327584.00, 273520074,2042,D,18784.00,18812.00
Kara ETF,20240703, 18782.00, 18788.00, 18781.00, 18784.00,2498690233773.00, 133025353,1648,D,18765.00,18788.00
Kara ETF,20240702, 18765.00, 18768.00, 18765.00, 18765.00,1291706502688.00, 68834443,1162,D,18749.00,18766.00
Kara ETF,20240701, 18749.00, 18751.00, 18749.00, 18749.00,1386025870233.00, 73923996,1515,D,18733.00,18750.00
Kara ETF,20240630, 18733.00, 18735.00, 18733.00, 18733.00,1745675221733.00, 93185675,2234,D,18716.00,18734.00
Kara ETF,20240629, 18716.00, 18718.00, 18716.00, 18716.00,1651963455732.00, 88263335,1821,D,18681.00,18717.00
Kara ETF,20240626, 18678.00, 18683.00, 18677.00, 18681.00,1873103479081.00, 100266394,1528,D,18658.00,18683.00
Kara ETF,20240624, 18659.00, 18660.00, 18658.00, 18658.00,2195148945279.00, 117649003,1584,D,18639.00,18660.00
Kara ETF,20240623, 18641.00, 18642.00, 18639.00, 18639.00,1763493154519.00, 94610791,1311,D,18622.00,18640.00
Kara ETF,20240622, 18622.00, 18623.00, 18622.00, 18622.00,3107908917434.00, 166893615,2193,D,18588.00,18622.00
Kara ETF,20240619, 18587.00, 18592.00, 18585.00, 18588.00,2596800162650.00, 139702258,1661,D,18569.00,18592.00
Kara ETF,20240618, 18569.00, 18570.00, 18569.00, 18569.00,2978777334167.00, 160413308,1448,D,18549.00,18570.00
Kara ETF,20240616, 18548.00, 18550.00, 18548.00, 18549.00,1757664765551.00, 94757618,1298,D,18529.00,18550.00
Kara ETF,20240615, 18529.00, 18530.00, 18529.00, 18529.00,1716688137010.00, 92647817,1558,D,18505.00,18530.00
Kara ETF,20240612, 18502.00, 18507.00, 18502.00, 18505.00,1146774177729.00, 61970618,1153,D,18484.00,18507.00
Kara ETF,20240611, 18484.00, 18485.00, 18484.00, 18484.00,1662844899172.00, 89960411,1190,D,18468.00,18485.00
Kara ETF,20240610, 18468.00, 18470.00, 18468.00, 18468.00,979010890936.00, 53010106,1198,D,18452.00,18469.00
Kara ETF,20240609, 18452.00, 18454.00, 18452.00, 18452.00,1339376020498.00, 72586243,1377,D,18436.00,18452.00
Kara ETF,20240608, 18436.00, 18438.00, 18436.00, 18436.00,1587619116010.00, 86113831,1520,D,18409.00,18436.00
Kara ETF,20240605, 18408.00, 18414.00, 18407.00, 18409.00,970246429976.00, 52705567,1372,D,18376.00,18410.00
Kara ETF,20240602, 18375.00, 18378.00, 18375.00, 18376.00,2926841735548.00, 159277732,1469,D,18343.00,18378.00
Kara ETF,20240601, 18343.00, 18344.00, 18343.00, 18343.00,1424263970281.00, 77645276,1602,D,18319.00,18344.00
Kara ETF,20240529, 18317.00, 18322.00, 18316.00, 18319.00,1255101393717.00, 68511916,1492,D,18299.00,18322.00
Kara ETF,20240528, 18299.00, 18301.00, 18299.00, 18299.00,1694860778823.00, 92618966,1560,D,18283.00,18301.00
Kara ETF,20240527, 18284.00, 18285.00, 18283.00, 18283.00,2069981513024.00, 113217847,1997,D,18267.00,18283.00
Kara ETF,20240526, 18267.00, 18268.00, 18267.00, 18267.00,1378218373108.00, 75447541,1542,D,18251.00,18268.00
Kara ETF,20240525, 18251.00, 18254.00, 18251.00, 18251.00,2116281446805.00, 115952071,1779,D,18230.00,18254.00
Kara ETF,20240521, 18230.00, 18233.00, 18229.00, 18230.00,1451746247140.00, 79633176,2261,D,18178.00,18229.00
Kara ETF,20240520, 0.00, 0.00, 0.00, 18178.00,0.00, 0,0,D,18178.00,18179.00
Kara ETF,20240519, 18178.00, 18180.00, 18178.00, 18178.00,2576205843768.00, 141719248,1907,D,18164.00,18179.00
Kara ETF,20240518, 18164.00, 18165.00, 18164.00, 18164.00,3548385957613.00, 195351182,2225,D,18138.00,18165.00
Kara ETF,20240515, 18136.00, 18139.00, 18134.00, 18138.00,3020895528309.00, 166554367,3360,D,18119.00,18138.00
Kara ETF,20240514, 18119.00, 18121.00, 18119.00, 18119.00,1683135485971.00, 92891551,1666,D,18105.00,18119.00
Kara ETF,20240513, 18105.00, 18107.00, 18105.00, 18105.00,1661002176001.00, 91740647,1708,D,18091.00,18106.00
Kara ETF,20240512, 18091.00, 18095.00, 18091.00, 18091.00,3401226426499.00, 188003319,1668,D,18077.00,18095.00
Kara ETF,20240511, 18077.00, 18079.00, 18077.00, 18077.00,3957343526185.00, 218914470,2034,D,18049.00,18079.00
Kara ETF,20240508, 18044.00, 18050.00, 18044.00, 18049.00,2297977370166.00, 127319407,1698,D,18030.00,18050.00
Kara ETF,20240507, 18030.00, 18031.00, 18030.00, 18030.00,1690239108164.00, 93743663,1682,D,18016.00,18030.00
Kara ETF,20240506, 18016.00, 18018.00, 18016.00, 18016.00,2603293876558.00, 144497582,1830,D,18002.00,18016.00
Kara ETF,20240505, 18002.00, 18004.00, 18002.00, 18002.00,2895368069892.00, 160834134,1875,D,17977.00,18003.00
Kara ETF,20240501, 17974.00, 17982.00, 17972.00, 17977.00,898565990465.00, 49984653,1721,D,17945.00,17978.00
Kara ETF,20240430, 17945.00, 17947.00, 17945.00, 17945.00,3334995599963.00, 185842500,1668,D,17931.00,17946.00
Kara ETF,20240429, 17931.00, 17933.00, 17931.00, 17931.00,2899231033804.00, 161686880,2035,D,17917.00,17932.00
Kara ETF,20240428, 17917.00, 17918.00, 17917.00, 17917.00,2077320853526.00, 115940468,1742,D,17903.00,17917.00
Kara ETF,20240427, 17904.00, 17904.00, 17903.00, 17903.00,2978434675182.00, 166363210,2326,D,17876.00,17903.00
Kara ETF,20240424, 17872.00, 17879.00, 17872.00, 17876.00,3239572313190.00, 181222667,2571,D,17860.00,17879.00
Kara ETF,20240423, 17860.00, 17862.00, 17860.00, 17860.00,3319247871997.00, 185845310,2059,D,17846.00,17861.00
Kara ETF,20240422, 17846.00, 17848.00, 17846.00, 17846.00,3473596649371.00, 194641343,2346,D,17832.00,17847.00
Kara ETF,20240421, 17832.00, 17833.00, 17832.00, 17832.00,2804105865311.00, 157249990,2010,D,17818.00,17832.00
Kara ETF,20240420, 17818.00, 17819.00, 17818.00, 17818.00,5596493720629.00, 314090946,2910,D,17791.00,17818.00
Kara ETF,20240417, 17787.00, 17794.00, 17787.00, 17791.00,4739275825212.00, 266387893,2104,D,17776.00,17793.00
Kara ETF,20240416, 17776.00, 17778.00, 17776.00, 17776.00,3831248631561.00, 215527139,1636,D,17762.00,17777.00
Kara ETF,20240415, 17762.00, 17763.00, 17762.00, 17762.00,2237393236353.00, 125963790,2516,D,17748.00,17763.00
Kara ETF,20240414, 17748.00, 17750.00, 17748.00, 17748.00,2329853200020.00, 131272264,1714,D,17734.00,17750.00
Kara ETF,20240413, 17734.00, 17737.00, 17734.00, 17734.00,5871863124748.00, 331105489,3045,D,17697.00,17734.00
Kara ETF,20240409, 17692.00, 17699.00, 17691.00, 17697.00,5244059009521.00, 296320189,2390,D,17675.00,17698.00
Kara ETF,20240408, 17675.00, 17677.00, 17675.00, 17675.00,1781854644496.00, 100810541,2044,D,17661.00,17677.00
Kara ETF,20240407, 17661.00, 17663.00, 17661.00, 17661.00,3947258961951.00, 223500314,1986,D,17647.00,17662.00
Kara ETF,20240406, 17647.00, 17648.00, 17647.00, 17647.00,4618386802723.00, 261707633,2846,D,17620.00,17647.00
Kara ETF,20240403, 17617.00, 17623.00, 17612.00, 17620.00,3529932559438.00, 200341086,2520,D,17599.00,17622.00
Kara ETF,20240402, 17599.00, 17600.00, 17599.00, 17599.00,2808325482740.00, 159571866,2645,D,17568.00,17600.00
Kara ETF,20240330, 17568.00, 17571.00, 17568.00, 17568.00,1449822522916.00, 82524945,1805,D,17530.00,17570.00
Kara ETF,20240327, 17526.00, 17533.00, 17526.00, 17530.00,1571199773948.00, 89626869,2184,D,17510.00,17533.00
Kara ETF,20240326, 17510.00, 17512.00, 17510.00, 17510.00,1971495068260.00, 112590235,1929,D,17494.00,17511.00
Kara ETF,20240325, 17494.00, 17495.00, 17494.00, 17494.00,2674494125982.00, 152879367,2809,D,17478.00,17495.00
Kara ETF,20240324, 17478.00, 17479.00, 17478.00, 17478.00,3302195240071.00, 188932106,3043,D,17445.00,17479.00
Kara ETF,20240318, 17442.00, 17950.00, 17441.00, 17445.00,10094054160589.00, 578613891,3491,D,17407.00,17450.00
Kara ETF,20240317, 17407.00, 17409.00, 17407.00, 17407.00,2762022492101.00, 158670478,2319,D,17394.00,17407.00
Kara ETF,20240316, 17394.00, 17395.00, 17394.00, 17394.00,5979000912762.00, 343737329,3245,D,17363.00,17395.00
Kara ETF,20240313, 17364.00, 17371.00, 17363.00, 17363.00,4506108202273.00, 259516623,3157,D,17350.00,17364.00
Kara ETF,20240312, 17350.00, 17352.00, 17350.00, 17350.00,4137196028514.00, 238453080,2497,D,17337.00,17351.00
Kara ETF,20240311, 17337.00, 17339.00, 17337.00, 17337.00,5079701749378.00, 292995666,3065,D,17324.00,17337.00
Kara ETF,20240310, 17324.00, 17326.00, 17324.00, 17324.00,4643275646205.00, 268022304,2120,D,17286.00,17325.00
Kara ETF,20240306, 17283.00, 17288.00, 17283.00, 17286.00,2537516146923.00, 146794239,2698,D,17267.00,17287.00
Kara ETF,20240305, 17267.00, 17269.00, 17267.00, 17267.00,4492994159687.00, 260204844,3008,D,17254.00,17268.00
Kara ETF,20240304, 17254.00, 17256.00, 17254.00, 17254.00,2194804217832.00, 127203842,2096,D,17241.00,17255.00
Kara ETF,20240303, 17241.00, 17242.00, 17241.00, 17241.00,5767496737895.00, 334520312,3712,D,17228.00,17242.00
Kara ETF,20240302, 17228.00, 17229.00, 17228.00, 17228.00,5159931619153.00, 299507144,3507,D,17201.00,17229.00
Kara ETF,20240228, 17197.00, 17205.00, 17197.00, 17201.00,1439122361690.00, 83665760,2275,D,17182.00,17205.00
Kara ETF,20240227, 17182.00, 17184.00, 17182.00, 17182.00,2450741876031.00, 142630928,2619,D,17169.00,17183.00
Kara ETF,20240226, 17169.00, 17171.00, 17169.00, 17169.00,3933676782446.00, 229113114,3726,D,17149.00,17169.00
Kara ETF,20240224, 17147.00, 17150.00, 17147.00, 17149.00,1972672898065.00, 115031069,2766,D,17123.00,17150.00
Kara ETF,20240221, 17117.00, 17126.00, 17117.00, 17123.00,1853312520307.00, 108233934,2976,D,17102.00,17125.00
Kara ETF,20240220, 17102.00, 17104.00, 17102.00, 17102.00,2830950375092.00, 165529927,3059,D,17089.00,17103.00
Kara ETF,20240219, 17089.00, 17091.00, 17089.00, 17089.00,2124344975451.00, 124308072,2539,D,17076.00,17090.00
Kara ETF,20240218, 17076.00, 17078.00, 17076.00, 17076.00,3853553758241.00, 225668117,2782,D,17063.00,17077.00
Kara ETF,20240217, 17063.00, 17064.00, 17063.00, 17063.00,5045465736921.00, 295694787,3673,D,17034.00,17064.00
Kara ETF,20240214, 17035.00, 17039.00, 17031.00, 17034.00,4613850549179.00, 270855122,3908,D,17018.00,17035.00
Kara ETF,20240213, 17017.00, 17018.00, 17017.00, 17018.00,2345306035511.00, 137816618,2308,D,17004.00,17018.00
Kara ETF,20240212, 17004.00, 17005.00, 17004.00, 17004.00,2752190399481.00, 161853349,2479,D,16983.00,17004.00
Kara ETF,20240210, 16983.00, 16984.00, 16983.00, 16983.00,2881706800978.00, 169680069,2970,D,16957.00,16984.00
Kara ETF,20240207, 16954.00, 16962.00, 16952.00, 16957.00,3045902627417.00, 179622404,4525,D,16939.00,16959.00
Kara ETF,20240206, 16939.00, 16941.00, 16939.00, 16939.00,2302834997524.00, 135946584,2802,D,16926.00,16939.00
Kara ETF,20240205, 16926.00, 16928.00, 16926.00, 16926.00,4451529208446.00, 262995695,2548,D,16913.00,16928.00
Kara ETF,20240204, 16913.00, 16916.00, 16913.00, 16913.00,3900204051053.00, 230601537,2634,D,16900.00,16914.00
Kara ETF,20240203, 16900.00, 16901.00, 16900.00, 16900.00,5137261077100.00, 303978097,2993,D,16875.00,16900.00
Kara ETF,20240131, 16872.00, 16878.00, 16870.00, 16875.00,5293049788273.00, 313660825,4155,D,16857.00,16877.00
Kara ETF,20240130, 16857.00, 16859.00, 16857.00, 16857.00,3589199967452.00, 212917179,5218,D,16844.00,16858.00
Kara ETF,20240129, 16844.00, 16846.00, 16844.00, 16844.00,2771599508241.00, 164543880,3811,D,16831.00,16844.00
Kara ETF,20240128, 16831.00, 16834.00, 16831.00, 16831.00,2960493213908.00, 175891583,2734,D,16818.00,16832.00
Kara ETF,20240127, 16818.00, 16819.00, 16818.00, 16818.00,5078266335570.00, 301952149,2646,D,16796.00,16818.00
Kara ETF,20240124, 16796.00, 16798.00, 16792.00, 16796.00,3975697159665.00, 236703408,2661,D,16777.00,16797.00
Kara ETF,20240123, 16777.00, 16779.00, 16777.00, 16777.00,3748029605274.00, 223400719,3109,D,16764.00,16779.00
Kara ETF,20240122, 16764.00, 16766.00, 16764.00, 16764.00,3600260325491.00, 214756136,3867,D,16752.00,16764.00
Kara ETF,20240121, 16752.00, 16756.00, 16751.00, 16752.00,2834890331695.00, 169231819,3474,D,16738.00,16751.00
Kara ETF,20240120, 16738.00, 16739.00, 16738.00, 16738.00,3053962495482.00, 182454877,3090,D,16711.00,16739.00
Kara ETF,20240117, 16712.00, 16718.00, 16709.00, 16711.00,3322485152638.00, 198818018,3235,D,16696.00,16711.00
Kara ETF,20240116, 16696.00, 16699.00, 16696.00, 16696.00,3915595771115.00, 234517441,2530,D,16683.00,16697.00
Kara ETF,20240115, 16683.00, 16684.00, 16683.00, 16683.00,2507516740279.00, 150300694,2844,D,16670.00,16683.00
Kara ETF,20240114, 16670.00, 16672.00, 16670.00, 16670.00,2840118176085.00, 170369439,3739,D,16657.00,16670.00
Kara ETF,20240113, 16657.00, 16659.00, 16657.00, 16657.00,6125748067050.00, 367754201,3695,D,16638.00,16658.00
Kara ETF,20240110, 16638.00, 16640.00, 16632.00, 16638.00,3215838467500.00, 193285759,3198,D,16617.00,16639.00
Kara ETF,20240109, 16617.00, 16619.00, 16617.00, 16617.00,3714717252085.00, 223547511,2372,D,16604.00,16618.00
Kara ETF,20240108, 16604.00, 16605.00, 16604.00, 16604.00,1342296550126.00, 80839804,2519,D,16591.00,16605.00
Kara ETF,20240107, 16591.00, 16593.00, 16591.00, 16591.00,1383930400775.00, 83412696,2291,D,16578.00,16591.00
Kara ETF,20240106, 16578.00, 16579.00, 16578.00, 16578.00,4549532500367.00, 274429370,3022,D,16559.00,16578.00
Kara ETF,20240103, 16552.00, 16562.00, 16552.00, 16559.00,4351112133428.00, 262771249,2470,D,16536.00,16562.00
Kara ETF,20240102, 16536.00, 16538.00, 16536.00, 16536.00,1341329635830.00, 81114091,2340,D,16523.00,16537.00
Kara ETF,20240101, 16523.00, 16524.00, 16523.00, 16523.00,2793859595005.00, 169087344,5109,D,16510.00,16523.00
Kara ETF,20231231, 16510.00, 16512.00, 16510.00, 16510.00,3036044993743.00, 183889118,2545,D,16498.00,16510.00
Kara ETF,20231230, 16498.00, 16499.00, 16498.00, 16498.00,4482786317008.00, 271713211,3209,D,16469.00,16498.00
Kara ETF,20231227, 16467.00, 16476.00, 16465.00, 16469.00,2949235906205.00, 179073041,4522,D,16454.00,16476.00
Kara ETF,20231226, 16454.00, 16456.00, 16454.00, 16454.00,2770879195916.00, 168399601,2449,D,16443.00,16454.00
Kara ETF,20231225, 16443.00, 16445.00, 16442.00, 16443.00,3425439890565.00, 208319802,2693,D,16433.00,16443.00
Kara ETF,20231224, 16432.00, 16434.00, 16432.00, 16433.00,2806471365388.00, 170787763,2282,D,16421.00,16433.00
Kara ETF,20231223, 16421.00, 16422.00, 16420.00, 16421.00,9213107217624.00, 561053865,3093,D,16396.00,16421.00
Kara ETF,20231220, 16393.00, 16397.00, 16392.00, 16396.00,7040283715376.00, 429397731,2815,D,16378.00,16396.00
Kara ETF,20231219, 16378.00, 16380.00, 16378.00, 16378.00,3802190507519.00, 232149361,2395,D,16367.00,16379.00
Kara ETF,20231218, 16367.00, 16369.00, 16367.00, 16367.00,4639139136718.00, 283440691,3394,D,16349.00,16367.00
Kara ETF,20231216, 16349.00, 16350.00, 16349.00, 16349.00,10000617727405.00, 611692416,2879,D,16320.00,16350.00
Kara ETF,20231213, 16318.00, 16340.00, 16318.00, 16320.00,8795584946933.00, 538951524,2694,D,16302.00,16320.00
Kara ETF,20231212, 16302.00, 16304.00, 16302.00, 16302.00,4404464017043.00, 270171303,2222,D,16291.00,16303.00
Kara ETF,20231211, 16292.00, 16293.00, 16291.00, 16291.00,4192099215934.00, 257323985,2470,D,16280.00,16292.00
Kara ETF,20231210, 16280.00, 16282.00, 16280.00, 16280.00,3208375801858.00, 197070220,2398,D,16269.00,16281.00
Kara ETF,20231209, 16269.00, 16271.00, 16269.00, 16269.00,6129463750205.00, 376753942,3278,D,16246.00,16269.00
Kara ETF,20231206, 16243.00, 16247.00, 16243.00, 16246.00,5294322077816.00, 325892041,2838,D,16226.00,16246.00
Kara ETF,20231205, 16226.00, 16228.00, 16226.00, 16226.00,2987592256579.00, 184121860,2770,D,16215.00,16227.00
Kara ETF,20231204, 16215.00, 16217.00, 16215.00, 16215.00,3203309456963.00, 197549441,3086,D,16204.00,16216.00
Kara ETF,20231203, 16204.00, 16206.00, 16204.00, 16204.00,3927031035499.00, 242345178,2951,D,16193.00,16204.00
Kara ETF,20231202, 16193.00, 16194.00, 16193.00, 16193.00,8352972368889.00, 515834744,3673,D,16169.00,16193.00
Kara ETF,20231129, 16169.00, 16171.00, 16165.00, 16169.00,6765922710827.00, 418454180,3077,D,16151.00,16170.00
Kara ETF,20231128, 16151.00, 16153.00, 16151.00, 16151.00,2953528717673.00, 182868492,2299,D,16140.00,16151.00
Kara ETF,20231127, 16140.00, 16143.00, 16140.00, 16140.00,5858210641635.00, 362957618,2225,D,16129.00,16141.00
Kara ETF,20231126, 16129.00, 16131.00, 16129.00, 16129.00,3510557181253.00, 217652383,2624,D,16118.00,16130.00
Kara ETF,20231125, 16118.00, 16119.00, 16118.00, 16118.00,5771318265594.00, 358063810,2719,D,16093.00,16119.00
Kara ETF,20231122, 16093.00, 16095.00, 16091.00, 16093.00,4836831952879.00, 300546010,2520,D,16076.00,16093.00
Kara ETF,20231121, 16076.00, 16080.00, 16076.00, 16076.00,2463382388378.00, 153231358,2115,D,16065.00,16077.00
Kara ETF,20231120, 16065.00, 16067.00, 16065.00, 16065.00,3273384359443.00, 203757283,2697,D,16054.00,16066.00
Kara ETF,20231119, 16054.00, 16056.00, 16054.00, 16054.00,1622043850869.00, 101035149,2145,D,16043.00,16055.00
Kara ETF,20231118, 16043.00, 16045.00, 16043.00, 16043.00,8039914001175.00, 501143744,4197,D,16019.00,16044.00
Kara ETF,20231115, 16016.00, 16021.00, 16016.00, 16019.00,6616805209208.00, 413064447,4372,D,16002.00,16019.00
Kara ETF,20231114, 16002.00, 16004.00, 16002.00, 16002.00,3241466363094.00, 202564757,2222,D,15991.00,16003.00
Kara ETF,20231113, 15991.00, 15993.00, 15991.00, 15991.00,1752552108641.00, 109594421,2179,D,15980.00,15992.00
Kara ETF,20231112, 15980.00, 15982.00, 15980.00, 15980.00,1458804274488.00, 91288092,3179,D,15969.00,15981.00
Kara ETF,20231111, 15969.00, 15970.00, 15969.00, 15969.00,5798066055030.00, 363080058,3983,D,15943.00,15969.00
Kara ETF,20231108, 15941.00, 15946.00, 15941.00, 15943.00,6656126932449.00, 417490312,2792,D,15927.00,15945.00
Kara ETF,20231107, 15927.00, 15929.00, 15927.00, 15927.00,2980266348189.00, 187118523,2455,D,15916.00,15928.00
Kara ETF,20231106, 15916.00, 15918.00, 15916.00, 15916.00,4119087267040.00, 258799693,2645,D,15905.00,15916.00
Kara ETF,20231105, 15905.00, 15907.00, 15905.00, 15905.00,2661385065724.00, 167327039,2364,D,15894.00,15906.00
Kara ETF,20231104, 15894.00, 15895.00, 15894.00, 15894.00,5203232798809.00, 327368413,2754,D,15871.00,15894.00
Kara ETF,20231101, 15867.00, 15873.00, 15867.00, 15871.00,3888450644930.00, 244997842,2252,D,15854.00,15872.00
Kara ETF,20231031, 15854.00, 15856.00, 15854.00, 15854.00,2279049485923.00, 143750103,2484,D,15843.00,15854.00
Kara ETF,20231030, 15843.00, 15845.00, 15843.00, 15843.00,2370092956445.00, 149595438,15633,D,15832.00,15843.00
Kara ETF,20231029, 15832.00, 15834.00, 15832.00, 15832.00,2435029506716.00, 153800184,2737,D,15821.00,15832.00
Kara ETF,20231028, 15821.00, 15823.00, 15821.00, 15821.00,5203230801937.00, 328878757,3409,D,15796.00,15821.00
Kara ETF,20231025, 15796.00, 15798.00, 15793.00, 15796.00,5143526863711.00, 325623620,2700,D,15780.00,15797.00
Kara ETF,20231024, 15780.00, 15782.00, 15778.00, 15780.00,3898013120631.00, 247019630,2686,D,15769.00,15781.00
Kara ETF,20231023, 15769.00, 15771.00, 15769.00, 15769.00,1722935993482.00, 109258471,2276,D,15759.00,15770.00
Kara ETF,20231022, 15758.00, 15762.00, 15758.00, 15759.00,3171178483509.00, 201235369,2186,D,15747.00,15759.00
Kara ETF,20231021, 15747.00, 15748.00, 15747.00, 15747.00,5660163409063.00, 359441498,2576,D,15722.00,15748.00
Kara ETF,20231018, 15722.00, 15725.00, 15721.00, 15722.00,5295530403214.00, 336813912,2576,D,15707.00,15723.00
Kara ETF,20231017, 15707.00, 15709.00, 15707.00, 15707.00,2001955591502.00, 127452860,1937,D,15696.00,15708.00
Kara ETF,20231016, 15696.00, 15698.00, 15696.00, 15696.00,2254746690339.00, 143648834,2170,D,15685.00,15697.00
Kara ETF,20231015, 15686.00, 15686.00, 15685.00, 15685.00,2712715001331.00, 172947445,1983,D,15674.00,15686.00
Kara ETF,20231014, 15674.00, 15675.00, 15674.00, 15674.00,4334594705218.00, 276540755,3076,D,15651.00,15674.00
Kara ETF,20231011, 15647.00, 15653.00, 15647.00, 15651.00,4436566294044.00, 283474975,2766,D,15634.00,15651.00
Kara ETF,20231010, 15634.00, 15636.00, 15634.00, 15634.00,3384526824816.00, 216480535,2372,D,15624.00,15635.00
Kara ETF,20231009, 15623.00, 15625.00, 15623.00, 15624.00,4480069368641.00, 286750833,2825,D,15612.00,15623.00
Kara ETF,20231008, 15612.00, 15614.00, 15612.00, 15612.00,3050264752516.00, 195376000,2820,D,15601.00,15613.00
Kara ETF,20231007, 15601.00, 15603.00, 15601.00, 15601.00,3451805463260.00, 221252457,2868,D,15577.00,15602.00
Kara ETF,20231004, 15575.00, 15577.00, 15574.00, 15577.00,2457717009053.00, 157782011,2114,D,15553.00,15577.00
Kara ETF,20231002, 15553.00, 15556.00, 15553.00, 15553.00,2514777382784.00, 161687360,3036,D,15539.00,15554.00
Kara ETF,20231001, 15540.00, 15542.00, 15539.00, 15539.00,2473875835717.00, 159201342,2695,D,15528.00,15539.00
Kara ETF,20230930, 15528.00, 15529.00, 15528.00, 15528.00,4741288893770.00, 305333439,4514,D,15503.00,15528.00
Kara ETF,20230927, 15500.00, 15504.00, 15499.00, 15503.00,3217103440469.00, 207515547,2291,D,15489.00,15504.00
Kara ETF,20230926, 15488.00, 15490.00, 15488.00, 15489.00,3512311232611.00, 226768682,2571,D,15477.00,15489.00
Kara ETF,20230925, 15477.00, 15478.00, 15477.00, 15477.00,3014628170427.00, 194779647,2939,D,15460.00,15477.00
Kara ETF,20230923, 15460.00, 15462.00, 15460.00, 15460.00,2013306890953.00, 130224709,2558,D,15429.00,15461.00
Kara ETF,20230920, 15428.00, 15432.00, 15428.00, 15429.00,4645991584210.00, 301129669,2834,D,15417.00,15430.00
Kara ETF,20230919, 15417.00, 15419.00, 15417.00, 15417.00,5245436841112.00, 340233334,2374,D,15406.00,15418.00
Kara ETF,20230918, 15406.00, 15408.00, 15406.00, 15406.00,3901653793276.00, 253250835,2384,D,15395.00,15406.00
Kara ETF,20230917, 15395.00, 15397.00, 15395.00, 15395.00,5597231900763.00, 363570757,2908,D,15370.00,15396.00
Kara ETF,20230913, 15366.00, 15385.00, 15366.00, 15370.00,4896051841270.00, 318554897,2802,D,15344.00,15371.00
Kara ETF,20230912, 15344.00, 15346.00, 15344.00, 15344.00,2875239283045.00, 187382389,2502,D,15333.00,15345.00
Kara ETF,20230911, 15333.00, 15336.00, 15333.00, 15333.00,4229980455915.00, 275870102,2516,D,15323.00,15334.00
Kara ETF,20230910, 15323.00, 15325.00, 15323.00, 15323.00,2980950554734.00, 194536671,2965,D,15313.00,15323.00
Kara ETF,20230909, 15313.00, 15314.00, 15313.00, 15313.00,4859298493071.00, 317328756,3880,D,15287.00,15314.00
Kara ETF,20230905, 15286.00, 15289.00, 15286.00, 15287.00,3574671024242.00, 233839369,3128,D,15262.00,15287.00
Kara ETF,20230904, 15262.00, 15264.00, 15262.00, 15262.00,4093643531514.00, 268220862,2829,D,15252.00,15262.00
Kara ETF,20230903, 15252.00, 15254.00, 15252.00, 15252.00,3267871870928.00, 214256270,2920,D,15242.00,15253.00
Kara ETF,20230902, 15242.00, 15244.00, 15242.00, 15242.00,5389203509920.00, 353565846,3785,D,15216.00,15243.00
Kara ETF,20230830, 15215.00, 15218.00, 15215.00, 15216.00,4434939561705.00, 291472267,5564,D,15201.00,15216.00
Kara ETF,20230829, 15201.00, 15203.00, 15201.00, 15201.00,2768456642243.00, 182120453,3177,D,15191.00,15202.00
Kara ETF,20230828, 15191.00, 15193.00, 15191.00, 15191.00,3901798212830.00, 256845929,3674,D,15181.00,15192.00
Kara ETF,20230827, 15181.00, 15182.00, 15181.00, 15181.00,4452568641000.00, 293296716,3346,D,15171.00,15181.00
Kara ETF,20230826, 15171.00, 15172.00, 15171.00, 15171.00,4812665319984.00, 317225754,3727,D,15146.00,15172.00
Kara ETF,20230823, 15145.00, 15148.00, 15145.00, 15146.00,2601365252427.00, 171752099,3060,D,15131.00,15148.00
Kara ETF,20230822, 15131.00, 15133.00, 15131.00, 15131.00,1503287421602.00, 99348255,2989,D,15120.00,15132.00
Kara ETF,20230821, 15120.00, 15122.00, 15120.00, 15120.00,2614810514290.00, 172934228,2338,D,15110.00,15121.00
Kara ETF,20230820, 15110.00, 15113.00, 15110.00, 15110.00,2947224867487.00, 195047140,2765,D,15100.00,15111.00
Kara ETF,20230819, 15100.00, 15101.00, 15100.00, 15100.00,2987553966744.00, 197847456,3627,D,15075.00,15101.00
Kara ETF,20230816, 15074.00, 15077.00, 15074.00, 15075.00,2416552891178.00, 160305714,5564,D,15060.00,15075.00
Kara ETF,20230815, 15060.00, 15062.00, 15060.00, 15060.00,2798207542126.00, 185801440,2505,D,15050.00,15061.00
Kara ETF,20230814, 15050.00, 15052.00, 15050.00, 15050.00,3737950424485.00, 248365826,2349,D,15040.00,15050.00
Kara ETF,20230813, 15040.00, 15041.00, 15040.00, 15040.00,3160595598106.00, 210143264,2651,D,15030.00,15040.00
Kara ETF,20230812, 15030.00, 15032.00, 15030.00, 15030.00,3743907820669.00, 249091766,2845,D,15005.00,15031.00
Kara ETF,20230809, 15005.00, 15008.00, 15004.00, 15005.00,7491588762815.00, 499265841,3073,D,14990.00,15004.00
Kara ETF,20230808, 14990.00, 14991.00, 14990.00, 14990.00,2789814545875.00, 186108891,3566,D,14980.00,14990.00
Kara ETF,20230807, 14980.00, 14982.00, 14980.00, 14980.00,5063825597896.00, 338033931,5228,D,14970.00,14981.00
Kara ETF,20230806, 14972.00, 14972.00, 14970.00, 14970.00,3962146128547.00, 264664189,2904,D,14960.00,14971.00
Kara ETF,20230805, 14960.00, 14962.00, 14960.00, 14960.00,3910719255888.00, 261408566,3589,D,14925.00,14961.00
Kara ETF,20230801, 14920.00, 14940.00, 14920.00, 14925.00,1779939529872.00, 119258303,2881,D,14911.00,14936.00
Kara ETF,20230731, 14911.00, 14913.00, 14911.00, 14911.00,5436845597380.00, 364615182,2785,D,14901.00,14912.00
Kara ETF,20230730, 14901.00, 14903.00, 14901.00, 14901.00,3603145932752.00, 241803627,2377,D,14891.00,14902.00
Kara ETF,20230729, 14891.00, 14893.00, 14891.00, 14891.00,5990811749061.00, 402308651,2907,D,14866.00,14892.00
Kara ETF,20230726, 14865.00, 14868.00, 14865.00, 14866.00,4413256655193.00, 296867622,2983,D,14851.00,14867.00
Kara ETF,20230725, 14851.00, 14853.00, 14851.00, 14851.00,2447452076816.00, 164797030,2285,D,14841.00,14852.00
Kara ETF,20230724, 14841.00, 14843.00, 14841.00, 14841.00,3896223191852.00, 262529084,2968,D,14830.00,14842.00
Kara ETF,20230723, 14830.00, 14833.00, 14830.00, 14830.00,4686377078381.00, 316000039,3043,D,14820.00,14833.00
Kara ETF,20230722, 14820.00, 14821.00, 14820.00, 14820.00,4795397045468.00, 323571294,3857,D,14792.00,14821.00
Kara ETF,20230719, 14791.00, 14795.00, 14791.00, 14792.00,5865791467956.00, 396556914,6412,D,14781.00,14791.00
Kara ETF,20230718, 14781.00, 14783.00, 14781.00, 14781.00,4158415432853.00, 281328745,3460,D,14771.00,14781.00
Kara ETF,20230717, 14771.00, 14773.00, 14771.00, 14771.00,3906776870607.00, 264485991,3605,D,14761.00,14772.00
Kara ETF,20230716, 14761.00, 14763.00, 14761.00, 14761.00,3040362663970.00, 205968815,2423,D,14752.00,14761.00
Kara ETF,20230715, 14752.00, 14753.00, 14752.00, 14752.00,5654532986650.00, 383299384,3933,D,14723.00,14752.00
Kara ETF,20230712, 14723.00, 14725.00, 14722.00, 14723.00,7818850697171.00, 531066575,4788,D,14713.00,14723.00
Kara ETF,20230711, 14713.00, 14715.00, 14713.00, 14713.00,5787687052058.00, 393368856,3473,D,14703.00,14714.00
Kara ETF,20230710, 14703.00, 14705.00, 14703.00, 14703.00,2354429996991.00, 160127621,2498,D,14693.00,14704.00
Kara ETF,20230709, 14684.00, 14695.00, 14684.00, 14693.00,3438825514315.00, 234041553,2588,D,14684.00,14695.00
Kara ETF,20230708, 14684.00, 14685.00, 14684.00, 14684.00,4540530380110.00, 309212714,3079,D,14656.00,14685.00
Kara ETF,20230705, 14655.00, 14659.00, 14655.00, 14656.00,4125192685428.00, 281472612,3298,D,14646.00,14656.00
Kara ETF,20230704, 14645.00, 14647.00, 14645.00, 14646.00,3485455216185.00, 237987029,3461,D,14635.00,14646.00
Kara ETF,20230703, 14635.00, 14637.00, 14635.00, 14635.00,4156890008561.00, 284033366,3483,D,14626.00,14635.00
Kara ETF,20230702, 14626.00, 14628.00, 14626.00, 14626.00,3613702020239.00, 247069632,2858,D,14616.00,14626.00
Kara ETF,20230701, 14616.00, 14617.00, 14616.00, 14616.00,4260315084982.00, 291479255,3225,D,14588.00,14616.00
Kara ETF,20230628, 14587.00, 14591.00, 14587.00, 14588.00,4651021084068.00, 318833057,3178,D,14577.00,14588.00
Kara ETF,20230627, 14578.00, 14579.00, 14577.00, 14577.00,3073633470718.00, 210850821,4215,D,14568.00,14577.00
Kara ETF,20230626, 14569.00, 14572.00, 14568.00, 14568.00,3836527309444.00, 263345904,3754,D,14558.00,14568.00
Kara ETF,20230625, 14558.00, 14560.00, 14558.00, 14558.00,2988474064412.00, 205277626,3103,D,14549.00,14560.00
Kara ETF,20230624, 14549.00, 14550.00, 14549.00, 14549.00,5960680733064.00, 409691360,4070,D,14520.00,14550.00
Kara ETF,20230621, 14520.00, 14523.00, 14519.00, 14520.00,9808951108862.00, 675524899,5102,D,14511.00,14522.00
Kara ETF,20230620, 14512.00, 14513.00, 14511.00, 14511.00,3325569905261.00, 229173265,2529,D,14501.00,14512.00
Kara ETF,20230619, 14501.00, 14503.00, 14501.00, 14501.00,4816065434526.00, 332115505,2803,D,14492.00,14502.00
Kara ETF,20230618, 14493.00, 14494.00, 14492.00, 14492.00,3363212012556.00, 232068247,2658,D,14482.00,14492.00
Kara ETF,20230617, 14482.00, 14484.00, 14482.00, 14482.00,4451884287956.00, 307401279,2750,D,14455.00,14483.00
Kara ETF,20230614, 14454.00, 14458.00, 14454.00, 14455.00,6514902548195.00, 450715723,3394,D,14444.00,14456.00
Kara ETF,20230613, 14444.00, 14446.00, 14444.00, 14444.00,3539262793194.00, 245028843,3043,D,14436.00,14445.00
Kara ETF,20230612, 14435.00, 14437.00, 14435.00, 14436.00,6725882787600.00, 465922465,4336,D,14427.00,14436.00
Kara ETF,20230611, 14426.00, 14431.00, 14426.00, 14427.00,2806085241553.00, 194508043,4647,D,14416.00,14426.00
Kara ETF,20230610, 14416.00, 14417.00, 14416.00, 14416.00,6264326142511.00, 434535193,3361,D,14389.00,14416.00
Kara ETF,20230607, 14389.00, 14394.00, 14388.00, 14389.00,4152927976338.00, 288612500,2672,D,14378.00,14389.00
Kara ETF,20230606, 14378.00, 14379.00, 14378.00, 14378.00,5570068415568.00, 387400403,2757,D,14357.00,14378.00
Kara ETF,20230603, 14356.00, 14359.00, 14356.00, 14357.00,2638497648789.00, 183782878,2579,D,14323.00,14357.00
Kara ETF,20230531, 14322.00, 14326.00, 14322.00, 14323.00,5976444046569.00, 417267859,3411,D,14312.00,14325.00
Kara ETF,20230530, 14312.00, 14314.00, 14312.00, 14312.00,4841729516529.00, 338293543,2457,D,14303.00,14312.00
Kara ETF,20230529, 14304.00, 14305.00, 14303.00, 14303.00,4301560291119.00, 300738628,2639,D,14293.00,14304.00
Kara ETF,20230528, 14293.00, 14295.00, 14293.00, 14293.00,4814683045453.00, 336849545,3600,D,14284.00,14294.00
Kara ETF,20230527, 14284.00, 14286.00, 14284.00, 14284.00,5604535939356.00, 392358262,5244,D,14257.00,14284.00
Kara ETF,20230524, 14256.00, 14259.00, 14256.00, 14257.00,7455159930714.00, 522929401,3200,D,14247.00,14257.00
Kara ETF,20230523, 14247.00, 14250.00, 14247.00, 14247.00,3942205332231.00, 276694913,2753,D,14237.00,14248.00
Kara ETF,20230522, 14237.00, 14239.00, 14237.00, 14237.00,2936974919798.00, 206287002,2762,D,14228.00,14238.00
Kara ETF,20230521, 14229.00, 14231.00, 14228.00, 14228.00,3432958672379.00, 241278252,3051,D,14219.00,14229.00
Kara ETF,20230520, 14219.00, 14222.00, 14219.00, 14219.00,4035020956333.00, 283767233,4678,D,14191.00,14219.00
Kara ETF,20230517, 14191.00, 14194.00, 14190.00, 14191.00,4334505654065.00, 305443520,3055,D,14174.00,14194.00
Kara ETF,20230515, 14174.00, 14177.00, 14174.00, 14174.00,3580892666284.00, 252630289,2689,D,14162.00,14174.00
Kara ETF,20230514, 14162.00, 14164.00, 14162.00, 14162.00,4778433197825.00, 337404168,3073,D,14153.00,14163.00
Kara ETF,20230513, 14153.00, 14155.00, 14153.00, 14153.00,8595987201680.00, 607347495,3765,D,14126.00,14154.00
Kara ETF,20230510, 14126.00, 14129.00, 14125.00, 14126.00,6978572009711.00, 494026674,3885,D,14116.00,14126.00
Kara ETF,20230509, 14116.00, 14118.00, 14116.00, 14116.00,6370645334242.00, 451298448,3472,D,14107.00,14116.00
Kara ETF,20230508, 14106.00, 14109.00, 14106.00, 14107.00,8195972043461.00, 581004209,4000,D,14097.00,14107.00
Kara ETF,20230507, 14097.00, 14099.00, 14097.00, 14097.00,2565674994001.00, 181997284,2452,D,14088.00,14097.00
Kara ETF,20230506, 14088.00, 14089.00, 14088.00, 14088.00,4449027495491.00, 315801369,3145,D,14062.00,14088.00
Kara ETF,20230503, 14061.00, 14064.00, 14061.00, 14062.00,4754770940210.00, 338135614,3032,D,14051.00,14062.00
Kara ETF,20230502, 14052.00, 14053.00, 14051.00, 14051.00,3838291507395.00, 273163514,2692,D,14042.00,14052.00
Kara ETF,20230501, 14042.00, 14044.00, 14042.00, 14042.00,3695952004267.00, 263203710,2714,D,14033.00,14043.00
Kara ETF,20230430, 14033.00, 14035.00, 14033.00, 14033.00,4051047995407.00, 288674347,2888,D,14024.00,14034.00
Kara ETF,20230429, 14024.00, 14025.00, 14024.00, 14024.00,6391918869345.00, 455779766,3749,D,13997.00,14024.00
Kara ETF,20230426, 13997.00, 14000.00, 13996.00, 13997.00,4962071317675.00, 354515364,3417,D,13987.00,14000.00
Kara ETF,20230425, 13989.00, 13989.00, 13987.00, 13987.00,2769371107208.00, 197989844,2871,D,13978.00,13987.00
Kara ETF,20230424, 13978.00, 13980.00, 13978.00, 13978.00,3218496170207.00, 230249011,3281,D,13948.00,13978.00
Kara ETF,20230419, 13948.00, 13951.00, 13947.00, 13948.00,3505934821822.00, 251352062,3290,D,13921.00,13948.00
Kara ETF,20230418, 13921.00, 13923.00, 13921.00, 13921.00,5644334320890.00, 405441158,3632,D,13910.00,13922.00
Kara ETF,20230417, 13909.00, 13911.00, 13909.00, 13910.00,3413176852086.00, 245384463,2917,D,13900.00,13910.00
Kara ETF,20230416, 13900.00, 13902.00, 13900.00, 13900.00,4049245526271.00, 291305753,2946,D,13891.00,13901.00
Kara ETF,20230415, 13891.00, 13893.00, 13891.00, 13891.00,5759461796912.00, 414611050,3535,D,13869.00,13892.00
Kara ETF,20230411, 13869.00, 13872.00, 13868.00, 13869.00,4469371896059.00, 322264078,3380,D,13847.00,13870.00
Kara ETF,20230410, 13847.00, 13849.00, 13847.00, 13847.00,4028229392940.00, 290904506,3323,D,13838.00,13848.00
Kara ETF,20230409, 13838.00, 13840.00, 13838.00, 13838.00,5144490849485.00, 371759402,3057,D,13829.00,13839.00
Kara ETF,20230408, 13829.00, 13834.00, 13829.00, 13829.00,6107940167855.00, 441670084,4531,D,13803.00,13830.00
Kara ETF,20230405, 13802.00, 13807.00, 13802.00, 13803.00,6514973664632.00, 472006830,5262,D,13794.00,13803.00
Kara ETF,20230404, 13795.00, 13796.00, 13794.00, 13794.00,2856811949804.00, 207101708,3895,D,13785.00,13795.00
Kara ETF,20230403, 13785.00, 13786.00, 13785.00, 13785.00,3925263888605.00, 284746932,3554,D,13756.00,13786.00
Kara ETF,20230329, 13757.00, 13758.00, 13755.00, 13756.00,2848910041160.00, 207103571,3443,D,13732.00,13756.00
Kara ETF,20230328, 13732.00, 13734.00, 13732.00, 13732.00,3309938806594.00, 241034172,3863,D,13723.00,13733.00
Kara ETF,20230327, 13723.00, 13728.00, 13723.00, 13723.00,3234724484700.00, 235708304,3693,D,13714.00,13724.00
Kara ETF,20230326, 13714.00, 13714.00, 13714.00, 13714.00,9077886302.00, 661943,7,D,13706.00,13714.00
Kara ETF,20230325, 13706.00, 13710.00, 13706.00, 13706.00,3952286146587.00, 288355556,3706,D,13675.00,13707.00
Kara ETF,20230319, 13676.00, 13676.00, 13674.00, 13675.00,5363200013988.00, 392187657,4590,D,13645.00,13675.00
Kara ETF,20230318, 13645.00, 13650.00, 13645.00, 13645.00,11358672626655.00, 832431295,5665,D,13619.00,13646.00
Kara ETF,20230315, 13618.00, 13623.00, 13618.00, 13619.00,5325730119640.00, 391065298,5877,D,13610.00,13622.00
Kara ETF,20230314, 13610.00, 13612.00, 13610.00, 13610.00,4452286149314.00, 327130827,6663,D,13601.00,13610.00
Kara ETF,20230313, 13601.00, 13603.00, 13601.00, 13601.00,5963193115295.00, 438430147,4041,D,13592.00,13602.00
Kara ETF,20230312, 13593.00, 13594.00, 13592.00, 13592.00,4120760571507.00, 303168787,3296,D,13584.00,13593.00
Kara ETF,20230311, 13584.00, 13585.00, 13583.00, 13584.00,11284293392807.00, 830700620,5424,D,13557.00,13584.00
Kara ETF,20230307, 13557.00, 13561.00, 13556.00, 13557.00,4091208972283.00, 301779801,3521,D,13540.00,13557.00
Kara ETF,20230306, 13540.00, 13542.00, 13540.00, 13540.00,4277883515947.00, 315936612,2869,D,13532.00,13541.00
Kara ETF,20230305, 13533.00, 13535.00, 13532.00, 13532.00,4077878761233.00, 301343670,2942,D,13524.00,13533.00
Kara ETF,20230304, 13524.00, 13525.00, 13524.00, 13524.00,6236492898564.00, 461131609,3692,D,13499.00,13525.00
Kara ETF,20230301, 13498.00, 13504.00, 13497.00, 13499.00,5144448303007.00, 381089655,3644,D,13488.00,13502.00
Kara ETF,20230228, 13488.00, 13491.00, 13488.00, 13488.00,4366932228855.00, 323753449,3256,D,13480.00,13489.00
Kara ETF,20230227, 13480.00, 13483.00, 13480.00, 13480.00,5528777323158.00, 410135740,4192,D,13471.00,13480.00
Kara ETF,20230226, 13471.00, 13473.00, 13471.00, 13471.00,5009933990026.00, 371897552,4231,D,13462.00,13471.00
Kara ETF,20230225, 13462.00, 13463.00, 13462.00, 13462.00,9805000707834.00, 728339989,5360,D,13439.00,13462.00
Kara ETF,20230222, 13437.00, 13441.00, 13437.00, 13439.00,3957229170872.00, 294452964,3491,D,13428.00,13440.00
Kara ETF,20230221, 13428.00, 13430.00, 13428.00, 13428.00,6162208685148.00, 458897473,4334,D,13419.00,13428.00
Kara ETF,20230220, 13419.00, 13421.00, 13419.00, 13419.00,7128964687847.00, 531254566,4601,D,13411.00,13419.00
Kara ETF,20230219, 13411.00, 13412.00, 13411.00, 13411.00,5001788539392.00, 372958417,6152,D,13388.00,13412.00
Kara ETF,20230215, 13385.00, 13391.00, 13385.00, 13388.00,2349850529607.00, 175516788,2838,D,13368.00,13388.00
Kara ETF,20230214, 13369.00, 13370.00, 13368.00, 13368.00,3156202732123.00, 236098727,3129,D,13359.00,13369.00
Kara ETF,20230213, 13359.00, 13361.00, 13359.00, 13359.00,2943642359453.00, 220344364,3448,D,13351.00,13359.00
Kara ETF,20230212, 13351.00, 13354.00, 13351.00, 13351.00,4125923624035.00, 309029028,3828,D,13326.00,13352.00
Kara ETF,20230208, 13324.00, 13331.00, 13324.00, 13326.00,3089891300360.00, 231866106,2769,D,13309.00,13327.00
Kara ETF,20230207, 13310.00, 13313.00, 13309.00, 13309.00,6674898659002.00, 501525242,3393,D,13301.00,13310.00
Kara ETF,20230206, 13302.00, 13304.00, 13299.00, 13301.00,2854421004257.00, 214595573,3080,D,13292.00,13302.00
Kara ETF,20230205, 13292.00, 13294.00, 13292.00, 13292.00,4124277814465.00, 310277431,4035,D,13267.00,13293.00
Kara ETF,20230201, 13267.00, 13270.00, 13265.00, 13267.00,2732197667756.00, 205932266,3185,D,13250.00,13270.00
Kara ETF,20230131, 13250.00, 13252.00, 13250.00, 13250.00,4081512665206.00, 308030068,3388,D,13242.00,13251.00
Kara ETF,20230130, 13242.00, 13245.00, 13242.00, 13242.00,3935365387173.00, 297180260,3979,D,13234.00,13243.00
Kara ETF,20230129, 13234.00, 13236.00, 13234.00, 13234.00,5137563567362.00, 388200224,3906,D,13225.00,13235.00
Kara ETF,20230128, 13225.00, 13227.00, 13224.00, 13225.00,4984109309715.00, 376861191,4125,D,13205.00,13226.00
Kara ETF,20230125, 13203.00, 13207.00, 13203.00, 13205.00,2975583500674.00, 225342121,3289,D,13193.00,13206.00
Kara ETF,20230124, 13193.00, 13194.00, 13192.00, 13193.00,2658519972893.00, 201516189,3339,D,13184.00,13193.00
Kara ETF,20230123, 13184.00, 13187.00, 13184.00, 13184.00,3647124634199.00, 276623166,3357,D,13175.00,13185.00
Kara ETF,20230122, 13175.00, 13179.00, 13175.00, 13175.00,5158559703748.00, 391528904,3730,D,13166.00,13175.00
Kara ETF,20230121, 13152.00, 13168.00, 13151.00, 13166.00,4639055200918.00, 352355006,3782,D,13145.00,13168.00
Kara ETF,20230118, 13144.00, 13148.00, 13143.00, 13145.00,4003106155719.00, 304543488,4351,D,13135.00,13144.00
Kara ETF,20230117, 13136.00, 13137.00, 13135.00, 13135.00,3394824223131.00, 258450392,4214,D,13126.00,13136.00
Kara ETF,20230116, 13126.00, 13128.00, 13126.00, 13126.00,3265291541532.00, 248760117,3340,D,13109.00,13127.00
Kara ETF,20230115, 0.00, 0.00, 0.00, 13109.00,0.00, 0,0,D,13109.00,13110.00
Kara ETF,20230114, 13109.00, 13111.00, 13109.00, 13109.00,5200819269585.00, 396729750,3083,D,13085.00,13110.00
Kara ETF,20230111, 13085.00, 13091.00, 13084.00, 13085.00,5687548947270.00, 434660960,3768,D,13076.00,13089.00
Kara ETF,20230110, 13076.00, 13079.00, 13076.00, 13076.00,3651332305799.00, 279230100,2943,D,13068.00,13076.00
Kara ETF,20230109, 13068.00, 13071.00, 13068.00, 13068.00,2582082858737.00, 197580835,2705,D,13060.00,13069.00
Kara ETF,20230108, 13061.00, 13062.00, 13060.00, 13060.00,3892392357334.00, 298033181,3322,D,13051.00,13061.00
Kara ETF,20230107, 13051.00, 13053.00, 13051.00, 13051.00,5624073769016.00, 430922990,3617,D,13030.00,13051.00
Kara ETF,20230104, 13030.00, 13034.00, 13028.00, 13030.00,5548567965338.00, 425844895,2904,D,13020.00,13033.00
Kara ETF,20230103, 13021.00, 13023.00, 13020.00, 13020.00,3329867509303.00, 255741085,2891,D,13011.00,13020.00
Kara ETF,20230102, 13011.00, 13014.00, 13011.00, 13011.00,3537130852634.00, 271851032,2919,D,13003.00,13012.00
Kara ETF,20230101, 13002.00, 13007.00, 13002.00, 13003.00,3782932722607.00, 290936889,3500,D,12993.00,13003.00
Kara ETF,20221231, 12993.00, 12995.00, 12993.00, 12993.00,5460491877292.00, 420255232,3562,D,12970.00,12994.00
Kara ETF,20221228, 12969.00, 12975.00, 12969.00, 12970.00,4519993723309.00, 348497393,4010,D,12953.00,12974.00
Kara ETF,20221226, 12954.00, 12955.00, 12953.00, 12953.00,3432331644852.00, 264974317,3243,D,12945.00,12954.00
Kara ETF,20221225, 12945.00, 12947.00, 12945.00, 12945.00,4475699100486.00, 345740130,3192,D,12937.00,12945.00
Kara ETF,20221224, 12937.00, 12939.00, 12937.00, 12937.00,6181082420074.00, 477778290,3635,D,12914.00,12938.00
Kara ETF,20221221, 12914.00, 12916.00, 12913.00, 12914.00,7024803597834.00, 543978713,3114,D,12905.00,12914.00
Kara ETF,20221220, 12905.00, 12907.00, 12905.00, 12905.00,5534346302168.00, 428848767,2679,D,12897.00,12906.00
Kara ETF,20221219, 12897.00, 12899.00, 12897.00, 12897.00,5827530092148.00, 451848488,2540,D,12889.00,12899.00
Kara ETF,20221218, 12889.00, 12891.00, 12889.00, 12889.00,2489013554267.00, 193107609,2494,D,12881.00,12889.00
Kara ETF,20221217, 12881.00, 12884.00, 12881.00, 12881.00,5042905284807.00, 391493694,2658,D,12859.00,12882.00
Kara ETF,20221214, 12859.00, 12863.00, 12858.00, 12859.00,5112595382068.00, 397582217,3966,D,12850.00,12859.00
Kara ETF,20221213, 12850.00, 12852.00, 12850.00, 12850.00,4290472999307.00, 333885221,2731,D,12842.00,12851.00
Kara ETF,20221212, 12843.00, 12844.00, 12842.00, 12842.00,3141995403580.00, 244657525,2487,D,12834.00,12843.00
Kara ETF,20221211, 12835.00, 12836.00, 12834.00, 12834.00,1976371616356.00, 153990377,2006,D,12826.00,12835.00
Kara ETF,20221210, 12826.00, 12827.00, 12826.00, 12826.00,5328931855278.00, 415475870,2723,D,12805.00,12827.00
Kara ETF,20221207, 12805.00, 12808.00, 12803.00, 12805.00,2937949305354.00, 229444530,2165,D,12795.00,12805.00
Kara ETF,20221206, 12795.00, 12797.00, 12795.00, 12795.00,2625714261343.00, 205210495,1931,D,12787.00,12796.00
Kara ETF,20221205, 12786.00, 12789.00, 12786.00, 12787.00,4519662177192.00, 353452858,2187,D,12779.00,12788.00
Kara ETF,20221204, 12780.00, 12781.00, 12779.00, 12779.00,2000145008952.00, 156515500,1867,D,12771.00,12780.00
Kara ETF,20221203, 12771.00, 12772.00, 12771.00, 12771.00,4374429116541.00, 342525266,2341,D,12748.00,12772.00
Kara ETF,20221130, 12748.00, 12751.00, 12747.00, 12748.00,3102607808121.00, 243377361,2237,D,12739.00,12748.00
Kara ETF,20221129, 12740.00, 12741.00, 12739.00, 12739.00,3174149598191.00, 249163402,1948,D,12731.00,12740.00
Kara ETF,20221128, 12732.00, 12734.00, 12731.00, 12731.00,1419966003712.00, 111532532,1674,D,12724.00,12732.00
Kara ETF,20221127, 12724.00, 12726.00, 12724.00, 12724.00,2471335586194.00, 194222552,2151,D,12716.00,12725.00
Kara ETF,20221126, 12716.00, 12718.00, 12716.00, 12716.00,3250436819679.00, 255614504,2360,D,12693.00,12717.00
Kara ETF,20221123, 12692.00, 12696.00, 12692.00, 12693.00,3209655027675.00, 252872955,2413,D,12684.00,12693.00
Kara ETF,20221122, 12684.00, 12686.00, 12684.00, 12684.00,10326231439438.00, 814082983,2886,D,12677.00,12685.00
Kara ETF,20221121, 12677.00, 12679.00, 12677.00, 12677.00,2458172807150.00, 193904820,1938,D,12669.00,12678.00
Kara ETF,20221120, 12669.00, 12671.00, 12669.00, 12669.00,1488748771063.00, 117508443,1826,D,12662.00,12669.00
Kara ETF,20221119, 12662.00, 12663.00, 12662.00, 12662.00,3899863152164.00, 307993005,2046,D,12639.00,12662.00
Kara ETF,20221116, 12641.00, 12643.00, 12639.00, 12639.00,2794478072975.00, 221091859,1976,D,12632.00,12640.00
Kara ETF,20221115, 12633.00, 12634.00, 12632.00, 12632.00,3199450491157.00, 253276182,1975,D,12624.00,12633.00
Kara ETF,20221114, 12626.00, 12626.00, 12624.00, 12624.00,1660393081868.00, 131522539,1567,D,12617.00,12626.00
Kara ETF,20221113, 12619.00, 12619.00, 12617.00, 12617.00,3581612423242.00, 283863250,2407,D,12609.00,12618.00
Kara ETF,20221112, 12609.00, 12611.00, 12609.00, 12609.00,4981237701223.00, 395047846,2544,D,12588.00,12609.00
Kara ETF,20221109, 12587.00, 12589.00, 12587.00, 12588.00,4233991564279.00, 336362301,2602,D,12579.00,12588.00
Kara ETF,20221108, 12579.00, 12581.00, 12579.00, 12579.00,2266047294646.00, 180138488,2234,D,12572.00,12580.00
Kara ETF,20221107, 12572.00, 12574.00, 12572.00, 12572.00,1831195783353.00, 145652265,2570,D,12565.00,12573.00
Kara ETF,20221106, 12565.00, 12570.00, 12564.00, 12565.00,4879777821057.00, 388364062,2346,D,12557.00,12565.00
Kara ETF,20221105, 12557.00, 12559.00, 12557.00, 12557.00,4377851952366.00, 348630988,2790,D,12535.00,12558.00
Kara ETF,20221102, 12535.00, 12537.00, 12534.00, 12535.00,2209233703646.00, 176246986,1929,D,12527.00,12535.00
Kara ETF,20221101, 12528.00, 12529.00, 12527.00, 12527.00,2795810045128.00, 223177405,1828,D,12520.00,12528.00
Kara ETF,20221031, 12520.00, 12522.00, 12520.00, 12520.00,1756419216789.00, 140284626,1762,D,12513.00,12520.00
Kara ETF,20221030, 12512.00, 12514.00, 12512.00, 12513.00,3948121510528.00, 315532889,2034,D,12505.00,12513.00
Kara ETF,20221029, 12505.00, 12506.00, 12505.00, 12505.00,3128870513878.00, 250203574,2440,D,12484.00,12506.00
Kara ETF,20221026, 12484.00, 12485.00, 12483.00, 12484.00,4913016012625.00, 393556809,4189,D,12476.00,12484.00
Kara ETF,20221025, 12475.00, 12479.00, 12475.00, 12476.00,2966136185653.00, 237753396,2414,D,12468.00,12475.00
Kara ETF,20221024, 12468.00, 12470.00, 12468.00, 12468.00,2145649857810.00, 172085969,1863,D,12461.00,12469.00
Kara ETF,20221023, 12460.00, 12462.00, 12460.00, 12461.00,2099361209143.00, 168477927,1491,D,12453.00,12460.00
Kara ETF,20221022, 12453.00, 12454.00, 12453.00, 12453.00,3020827570120.00, 242575648,2055,D,12432.00,12453.00
Kara ETF,20221019, 12431.00, 12434.00, 12431.00, 12432.00,3419976911711.00, 275083933,1796,D,12424.00,12433.00
Kara ETF,20221018, 12423.00, 12425.00, 12423.00, 12424.00,1066018197692.00, 85805654,1141,D,12416.00,12424.00
Kara ETF,20221017, 12417.00, 12418.00, 12416.00, 12416.00,3370424325662.00, 271456407,2003,D,12408.00,12416.00
Kara ETF,20221016, 12409.00, 12410.00, 12408.00, 12408.00,3055741702764.00, 246269118,1244,D,12401.00,12409.00
Kara ETF,20221015, 12402.00, 12403.00, 12401.00, 12401.00,1374714883283.00, 110853029,1063,D,12380.00,12402.00
Kara ETF,20221012, 12379.00, 12384.00, 12379.00, 12380.00,1423906482181.00, 115019725,1120,D,12372.00,12380.00
Kara ETF,20221011, 12372.00, 12373.00, 12371.00, 12372.00,834986307640.00, 67492436,915,D,12364.00,12372.00
Kara ETF,20221010, 12364.00, 12366.00, 12364.00, 12364.00,1303811423142.00, 105450037,879,D,12357.00,12365.00
Kara ETF,20221009, 12358.00, 12359.00, 12357.00, 12357.00,1496387732877.00, 121094535,892,D,12350.00,12358.00
Kara ETF,20221008, 12351.00, 12352.00, 12350.00, 12350.00,2197399301234.00, 177924940,2032,D,12325.00,12351.00
Kara ETF,20221004, 12322.00, 13320.00, 12322.00, 12325.00,1526217340768.00, 123833169,1073,D,12306.00,12323.00
Kara ETF,20221003, 12306.00, 12308.00, 12306.00, 12306.00,1693452570626.00, 137608257,876,D,12299.00,12307.00
Kara ETF,20221002, 12298.00, 12300.00, 12298.00, 12299.00,1079540527277.00, 87777677,820,D,12290.00,12299.00
Kara ETF,20221001, 12290.00, 12292.00, 12290.00, 12290.00,1308171500346.00, 106437719,1068,D,12266.00,12291.00
Kara ETF,20220928, 12266.00, 12268.00, 12266.00, 12266.00,1894970754127.00, 154487763,1010,D,12250.00,12267.00
Kara ETF,20220926, 12250.00, 12252.00, 12250.00, 12250.00,1341246549950.00, 109486643,1200,D,12236.00,12251.00
Kara ETF,20220924, 12236.00, 12238.00, 12236.00, 12236.00,2495410154941.00, 203936212,1171,D,12212.00,12237.00
Kara ETF,20220921, 12212.00, 12214.00, 12212.00, 12212.00,2087755389596.00, 170953089,1135,D,12205.00,12213.00
Kara ETF,20220920, 12205.00, 12207.00, 12205.00, 12205.00,1357041561664.00, 111185716,949,D,12198.00,12206.00
Kara ETF,20220919, 12199.00, 12199.00, 12198.00, 12198.00,2181548135853.00, 178840601,912,D,12191.00,12199.00
Kara ETF,20220918, 12191.00, 12192.00, 12191.00, 12191.00,1436984099860.00, 117871816,711,D,12170.00,12191.00
Kara ETF,20220914, 12165.00, 12172.00, 12164.00, 12170.00,1399523972018.00, 114993939,1030,D,12157.00,12171.00
Kara ETF,20220913, 12158.00, 12159.00, 12157.00, 12157.00,764964721090.00, 62922479,672,D,12150.00,12157.00
Kara ETF,20220912, 12150.00, 12151.00, 12149.00, 12150.00,1111130472476.00, 91453518,917,D,12142.00,12150.00
Kara ETF,20220911, 12143.00, 12144.00, 12142.00, 12142.00,1280901701908.00, 105491372,812,D,12135.00,12142.00
Kara ETF,20220910, 12134.00, 12136.00, 12134.00, 12135.00,687863865494.00, 56686553,905,D,12116.00,12135.00
Kara ETF,20220907, 12116.00, 12118.00, 12115.00, 12116.00,999062644255.00, 82459132,1327,D,12108.00,12116.00
Kara ETF,20220906, 12110.00, 12110.00, 12108.00, 12108.00,835445153284.00, 68996870,989,D,12101.00,12110.00
Kara ETF,20220905, 12102.00, 12103.00, 12100.00, 12101.00,610964234172.00, 50490408,1108,D,12093.00,12101.00
Kara ETF,20220904, 12093.00, 12094.00, 12092.00, 12093.00,799432908566.00, 66109276,1229,D,12085.00,12092.00
Kara ETF,20220903, 12087.00, 12087.00, 12085.00, 12085.00,1314814400377.00, 108794532,1791,D,12065.00,12086.00
Kara ETF,20220831, 12066.00, 12067.00, 12065.00, 12065.00,809037226191.00, 67054249,1387,D,12058.00,12066.00
Kara ETF,20220830, 12058.00, 12060.00, 12057.00, 12058.00,574559776403.00, 47650970,940,D,12050.00,12057.00
Kara ETF,20220829, 12050.00, 12052.00, 12050.00, 12050.00,745922251329.00, 61899814,1155,D,12043.00,12050.00
Kara ETF,20220828, 12045.00, 12046.00, 12043.00, 12043.00,1555743932567.00, 129179045,1943,D,12036.00,12044.00
Kara ETF,20220827, 12037.00, 12039.00, 12036.00, 12036.00,820017610385.00, 68128033,1320,D,12019.00,12037.00
Kara ETF,20220824, 12018.00, 12022.00, 12018.00, 12019.00,1023743181177.00, 85173759,1607,D,12011.00,12019.00
Kara ETF,20220823, 12012.00, 12012.00, 12010.00, 12011.00,1027464378229.00, 85546334,1663,D,12003.00,12011.00
Kara ETF,20220822, 12003.00, 12004.00, 12002.00, 12003.00,2597790916187.00, 216434144,3002,D,11995.00,12002.00
Kara ETF,20220821, 11995.00, 11996.00, 11994.00, 11995.00,2395504980551.00, 199709708,2803,D,11987.00,11994.00
Kara ETF,20220820, 11988.00, 11988.00, 11987.00, 11987.00,3231256886586.00, 269559853,3714,D,11967.00,11987.00
Kara ETF,20220817, 11967.00, 11968.00, 11966.00, 11967.00,1455494476851.00, 121626674,2047,D,11960.00,11967.00
Kara ETF,20220816, 11959.00, 11962.00, 11959.00, 11960.00,992743586312.00, 83008476,1512,D,11952.00,11960.00
Kara ETF,20220815, 11953.00, 11955.00, 11952.00, 11952.00,1433892911853.00, 119966029,1785,D,11945.00,11952.00
Kara ETF,20220814, 11945.00, 11947.00, 11945.00, 11945.00,2210342608755.00, 185037682,2370,D,11938.00,11946.00
Kara ETF,20220813, 11938.00, 11940.00, 11938.00, 11938.00,1512980827611.00, 126733607,1819,D,11917.00,11939.00
Kara ETF,20220810, 11916.00, 11919.00, 11916.00, 11917.00,858138508110.00, 72009090,1267,D,11908.00,11917.00
Kara ETF,20220809, 11909.00, 11910.00, 11908.00, 11908.00,1233185614342.00, 103555945,1704,D,11891.00,11909.00
Kara ETF,20220806, 11891.00, 11892.00, 11890.00, 11891.00,1800815056068.00, 151448338,2141,D,11872.00,11891.00
Kara ETF,20220803, 11873.00, 11874.00, 11871.00, 11872.00,888052818116.00, 74804520,1253,D,11864.00,11872.00
Kara ETF,20220802, 11864.00, 11865.00, 11863.00, 11864.00,437690447750.00, 36893620,850,D,11856.00,11864.00
Kara ETF,20220801, 11857.00, 11858.00, 11856.00, 11856.00,1131689051768.00, 95449443,1558,D,11849.00,11857.00
Kara ETF,20220731, 11849.00, 11851.00, 11848.00, 11849.00,715487477015.00, 60385341,1140,D,11841.00,11849.00
Kara ETF,20220730, 11841.00, 11842.00, 11840.00, 11841.00,1684857940245.00, 142291003,2112,D,11824.00,11842.00
Kara ETF,20220727, 11824.00, 11826.00, 11823.00, 11824.00,892103006922.00, 75451072,1294,D,11815.00,11824.00
Kara ETF,20220726, 11815.00, 11816.00, 11814.00, 11815.00,682469886617.00, 57764691,980,D,11806.00,11815.00
Kara ETF,20220725, 11807.00, 11808.00, 11806.00, 11806.00,2100065815474.00, 177874455,2509,D,11799.00,11807.00
Kara ETF,20220724, 11800.00, 11801.00, 11799.00, 11799.00,805301977690.00, 68250010,1105,D,11792.00,11800.00
Kara ETF,20220723, 11792.00, 11794.00, 11792.00, 11792.00,1086627865464.00, 92148685,1540,D,11773.00,11793.00
Kara ETF,20220720, 11774.00, 11775.00, 11773.00, 11773.00,846430816532.00, 71894282,1168,D,11765.00,11773.00
Kara ETF,20220719, 11766.00, 11767.00, 11765.00, 11765.00,697325853465.00, 59269051,1016,D,11753.00,11766.00
Kara ETF,20220717, 11753.00, 11754.00, 11752.00, 11753.00,542896496535.00, 46193459,834,D,11745.00,11753.00
Kara ETF,20220716, 11746.00, 11747.00, 11745.00, 11745.00,1203041187226.00, 102427665,1557,D,11727.00,11745.00
Kara ETF,20220713, 11726.00, 11728.00, 11726.00, 11727.00,1924832346426.00, 164140023,2242,D,11719.00,11727.00
Kara ETF,20220712, 11719.00, 11720.00, 11718.00, 11719.00,643046518380.00, 54873567,1009,D,11711.00,11719.00
Kara ETF,20220711, 11711.00, 11713.00, 11711.00, 11711.00,875381004605.00, 74747470,1239,D,11702.00,11711.00
Kara ETF,20220709, 11702.00, 11703.00, 11701.00, 11702.00,585655798111.00, 50048983,1015,D,11685.00,11702.00
Kara ETF,20220706, 11683.00, 11687.00, 11683.00, 11685.00,778816183025.00, 66650649,1224,D,11676.00,11685.00
Kara ETF,20220705, 11676.00, 11677.00, 11675.00, 11676.00,1905520918301.00, 163202224,2403,D,11668.00,11675.00
Kara ETF,20220704, 11668.00, 11669.00, 11667.00, 11668.00,525859018378.00, 45070361,1005,D,11660.00,11667.00
Kara ETF,20220703, 11661.00, 11662.00, 11660.00, 11660.00,756274183303.00, 64858724,1114,D,11653.00,11661.00
Kara ETF,20220702, 11653.00, 11654.00, 11652.00, 11653.00,944480909908.00, 81052058,1557,D,11637.00,11652.00
Kara ETF,20220629, 11637.00, 11638.00, 11636.00, 11637.00,471454731479.00, 40513494,1335,D,11629.00,11637.00
Kara ETF,20220628, 11629.00, 11630.00, 11628.00, 11629.00,800362743997.00, 68826781,1344,D,11621.00,11628.00
Kara ETF,20220627, 11621.00, 11622.00, 11620.00, 11621.00,503122545419.00, 43295710,991,D,11613.00,11621.00
Kara ETF,20220626, 11614.00, 11615.00, 11613.00, 11613.00,783614182424.00, 67475384,1298,D,11606.00,11614.00
Kara ETF,20220625, 11606.00, 11607.00, 11605.00, 11606.00,673961210885.00, 58072412,1306,D,11589.00,11606.00
Kara ETF,20220622, 11588.00, 11590.00, 11588.00, 11589.00,1453571393363.00, 125432013,1797,D,11581.00,11589.00
Kara ETF,20220621, 11580.00, 11582.00, 11580.00, 11581.00,387727459119.00, 33480724,926,D,11573.00,11581.00
Kara ETF,20220620, 11573.00, 11574.00, 11572.00, 11573.00,970271847680.00, 83842559,1387,D,11565.00,11573.00
Kara ETF,20220619, 11565.00, 11567.00, 11565.00, 11565.00,1520378609020.00, 131458704,1942,D,11558.00,11566.00
Kara ETF,20220618, 11558.00, 11560.00, 11558.00, 11558.00,640611610470.00, 55424225,1176,D,11542.00,11559.00
Kara ETF,20220615, 11542.00, 11543.00, 11541.00, 11542.00,1342743855434.00, 116337227,1990,D,11534.00,11542.00
Kara ETF,20220614, 11533.00, 11535.00, 11533.00, 11534.00,597303820389.00, 51788529,934,D,11526.00,11534.00
Kara ETF,20220613, 11526.00, 11528.00, 11526.00, 11526.00,636991315999.00, 55263275,1080,D,11518.00,11526.00
Kara ETF,20220612, 11518.00, 11520.00, 11518.00, 11518.00,602919789400.00, 52345043,930,D,11511.00,11518.00
Kara ETF,20220611, 11511.00, 11512.00, 11510.00, 11511.00,898939905882.00, 78096767,1509,D,11494.00,11510.00
Kara ETF,20220608, 11494.00, 11495.00, 11493.00, 11494.00,826832039553.00, 71937658,1530,D,11486.00,11494.00
Kara ETF,20220607, 11487.00, 11487.00, 11485.00, 11486.00,488030498074.00, 42490279,981,D,11478.00,11486.00
Kara ETF,20220606, 11478.00, 11479.00, 11477.00, 11478.00,1050980007905.00, 91566517,1912,D,11456.00,11478.00
Kara ETF,20220601, 11456.00, 11457.00, 11455.00, 11456.00,1463663697872.00, 127764846,2694,D,11442.00,11456.00
Kara ETF,20220531, 11442.00, 11444.00, 11442.00, 11442.00,594946975292.00, 51994629,1283,D,11435.00,11443.00
Kara ETF,20220530, 11435.00, 11436.00, 11434.00, 11435.00,920152058074.00, 80471259,1357,D,11427.00,11435.00
Kara ETF,20220529, 11427.00, 11428.00, 11426.00, 11427.00,608323667065.00, 53237450,1106,D,11418.00,11426.00
Kara ETF,20220528, 11419.00, 11420.00, 11418.00, 11418.00,1198910117160.00, 104998087,2031,D,11401.00,11419.00
Kara ETF,20220525, 11400.00, 11402.00, 11400.00, 11401.00,600544670315.00, 52675726,1085,D,11393.00,11401.00
Kara ETF,20220524, 11393.00, 11395.00, 11393.00, 11393.00,1220228026545.00, 107100846,1707,D,11386.00,11394.00
Kara ETF,20220523, 11385.00, 11387.00, 11385.00, 11386.00,801238891208.00, 70370915,1294,D,11379.00,11386.00
Kara ETF,20220522, 11380.00, 11381.00, 11379.00, 11379.00,528488187826.00, 46443247,1241,D,11373.00,11379.00
Kara ETF,20220521, 11372.00, 11374.00, 11372.00, 11373.00,598933575653.00, 52664274,1371,D,11355.00,11373.00
Kara ETF,20220518, 11355.00, 11356.00, 11354.00, 11355.00,1252963769680.00, 110345213,2634,D,11347.00,11354.00
Kara ETF,20220517, 11347.00, 11349.00, 11347.00, 11347.00,2650314705145.00, 233565415,5027,D,11340.00,11347.00
Kara ETF,20220516, 11341.00, 11341.00, 11340.00, 11340.00,434841925096.00, 38345032,1197,D,11333.00,11341.00
Kara ETF,20220515, 11334.00, 11334.00, 11333.00, 11333.00,695121296397.00, 61334843,1509,D,11327.00,11333.00
Kara ETF,20220514, 11327.00, 11328.00, 11327.00, 11327.00,1404573022604.00, 124001838,2780,D,11310.00,11327.00
Kara ETF,20220511, 11310.00, 11311.00, 11309.00, 11310.00,870367249946.00, 76958469,1806,D,11303.00,11310.00
Kara ETF,20220510, 11302.00, 11304.00, 11302.00, 11303.00,436717660686.00, 38638845,990,D,11296.00,11302.00
Kara ETF,20220509, 11296.00, 11297.00, 11295.00, 11296.00,780649389179.00, 69110879,1440,D,11289.00,11296.00
Kara ETF,20220508, 11289.00, 11290.00, 11288.00, 11289.00,672674462279.00, 59589149,1444,D,11282.00,11289.00
Kara ETF,20220507, 11281.00, 11283.00, 11281.00, 11282.00,648016334497.00, 57440319,1493,D,11257.00,11282.00
Kara ETF,20220502, 11257.00, 11258.00, 11256.00, 11257.00,854555506137.00, 75914742,1506,D,11246.00,11257.00
Kara ETF,20220501, 11246.00, 11247.00, 11245.00, 11246.00,798033105337.00, 70964416,1730,D,11237.00,11245.00
Kara ETF,20220430, 11236.00, 11237.00, 11236.00, 11237.00,2278200367974.00, 202746763,4442,D,11218.00,11236.00
Kara ETF,20220427, 11217.00, 11219.00, 11217.00, 11218.00,2405428249078.00, 214427092,4727,D,11211.00,11218.00
Kara ETF,20220426, 11210.00, 11212.00, 11210.00, 11211.00,1152217375355.00, 102777593,2056,D,11203.00,11211.00
Kara ETF,20220425, 11205.00, 11205.00, 11203.00, 11203.00,1006127469591.00, 89806110,2097,D,11198.00,11203.00
Kara ETF,20220424, 11197.00, 11199.00, 11197.00, 11198.00,2288876297987.00, 204407891,4104,D,11175.00,11198.00
Kara ETF,20220420, 11177.00, 11178.00, 11174.00, 11175.00,1194533440639.00, 106893205,2104,D,11165.00,11175.00
Kara ETF,20220419, 11165.00, 11167.00, 11165.00, 11165.00,658505392111.00, 58977263,1444,D,11158.00,11166.00
Kara ETF,20220418, 11158.00, 11159.00, 11158.00, 11158.00,596501365908.00, 53458597,1310,D,11152.00,11159.00
Kara ETF,20220417, 11153.00, 11154.00, 11152.00, 11152.00,3520376044683.00, 315659691,5746,D,11146.00,11153.00
Kara ETF,20220416, 11146.00, 11148.00, 11146.00, 11146.00,690961937210.00, 61990997,1502,D,11129.00,11147.00
Kara ETF,20220413, 11129.00, 11130.00, 11128.00, 11129.00,1124547678760.00, 101048404,2259,D,11122.00,11129.00
Kara ETF,20220412, 11122.00, 11123.00, 11121.00, 11122.00,692775689696.00, 62290393,1521,D,11116.00,11122.00
Kara ETF,20220411, 11115.00, 11117.00, 11115.00, 11116.00,574487582062.00, 51681939,1161,D,11109.00,11116.00
Kara ETF,20220410, 11108.00, 11110.00, 11108.00, 11109.00,1237386456448.00, 111387227,2131,D,11102.00,11109.00
Kara ETF,20220409, 11102.00, 11103.00, 11101.00, 11102.00,715804141928.00, 64476027,1478,D,11083.00,11101.00
Kara ETF,20220406, 11083.00, 11084.00, 11082.00, 11083.00,957151394061.00, 86364234,1949,D,11076.00,11083.00
Kara ETF,20220405, 11076.00, 11078.00, 11076.00, 11076.00,1455098507911.00, 131370957,2797,D,11070.00,11077.00
Kara ETF,20220404, 11071.00, 11072.00, 11070.00, 11070.00,1599084055261.00, 144448365,3160,D,11064.00,11071.00
Kara ETF,20220403, 11063.00, 11065.00, 11063.00, 11064.00,1554411031699.00, 140498901,2888,D,11038.00,11064.00
Kara ETF,20220330, 11040.00, 11040.00, 11038.00, 11038.00,1366711510965.00, 123815915,2787,D,11031.00,11040.00
Kara ETF,20220329, 11031.00, 11033.00, 11031.00, 11031.00,1396317448852.00, 126577490,2729,D,11019.00,11032.00
Kara ETF,20220328, 0.00, 0.00, 0.00, 11019.00,0.00, 0,0,D,11019.00,11019.00
Kara ETF,20220327, 11018.00, 11020.00, 11018.00, 11019.00,721233942226.00, 65456575,1582,D,11013.00,11019.00
Kara ETF,20220326, 11012.00, 11014.00, 11012.00, 11013.00,1349674496806.00, 122557770,2619,D,10991.00,11013.00
Kara ETF,20220319, 10990.00, 10994.00, 10990.00, 10991.00,1594842752823.00, 145107867,3242,D,10952.00,10993.00
Kara ETF,20220316, 10953.00, 10953.00, 10951.00, 10952.00,1885080840216.00, 172123106,2995,D,10945.00,10952.00
Kara ETF,20220315, 10946.00, 10947.00, 10945.00, 10945.00,955431421883.00, 87290370,2008,D,10939.00,10946.00
Kara ETF,20220314, 10939.00, 10940.00, 10938.00, 10939.00,582318243073.00, 53234442,1270,D,10932.00,10939.00
Kara ETF,20220313, 10931.00, 10933.00, 10931.00, 10932.00,658018717545.00, 60194320,1363,D,10925.00,10932.00
Kara ETF,20220312, 10924.00, 10926.00, 10924.00, 10925.00,688552716124.00, 63026200,1192,D,10905.00,10925.00
Kara ETF,20220309, 10906.00, 10907.00, 10905.00, 10905.00,625564145853.00, 57363257,1359,D,10899.00,10905.00
Kara ETF,20220308, 10899.00, 10900.00, 10898.00, 10899.00,1114850060306.00, 102293889,2124,D,10892.00,10899.00
Kara ETF,20220307, 10892.00, 10896.00, 10892.00, 10892.00,851773914255.00, 78199496,1835,D,10886.00,10893.00
Kara ETF,20220306, 10886.00, 10888.00, 10886.00, 10886.00,1130618378891.00, 103856735,2353,D,10880.00,10886.00
Kara ETF,20220305, 10881.00, 10882.00, 10880.00, 10880.00,748901681404.00, 68829938,1608,D,10863.00,10881.00
Kara ETF,20220302, 10864.00, 10865.00, 10863.00, 10863.00,414947078778.00, 38196831,988,D,10849.00,10864.00
Kara ETF,20220228, 10849.00, 10850.00, 10848.00, 10849.00,349665917133.00, 32231358,884,D,10843.00,10848.00
Kara ETF,20220227, 10842.00, 10844.00, 10842.00, 10843.00,882539806539.00, 81393875,1826,D,10836.00,10842.00
Kara ETF,20220226, 10836.00, 10838.00, 10836.00, 10836.00,1406753725633.00, 129816922,2656,D,10821.00,10836.00
Kara ETF,20220223, 10821.00, 10822.00, 10820.00, 10821.00,1020940880120.00, 94347098,2212,D,10812.00,10821.00
Kara ETF,20220222, 10812.00, 10813.00, 10811.00, 10812.00,545849580113.00, 50487474,1271,D,10806.00,10812.00
Kara ETF,20220221, 10806.00, 10807.00, 10805.00, 10806.00,855168152815.00, 79140347,1763,D,10800.00,10806.00
Kara ETF,20220220, 10799.00, 10802.00, 10799.00, 10800.00,1848075851530.00, 171113524,3511,D,10794.00,10800.00
Kara ETF,20220219, 10794.00, 10795.00, 10793.00, 10794.00,662706793435.00, 61397172,1702,D,10775.00,10795.00
Kara ETF,20220216, 10775.00, 10776.00, 10774.00, 10775.00,822616610175.00, 76345243,1757,D,10763.00,10775.00
Kara ETF,20220214, 10764.00, 10764.00, 10762.00, 10763.00,544278255269.00, 50570255,1142,D,10757.00,10762.00
Kara ETF,20220213, 10758.00, 10758.00, 10756.00, 10757.00,551449791270.00, 51264218,1344,D,10751.00,10757.00
Kara ETF,20220212, 10750.00, 10752.00, 10750.00, 10751.00,1065844477178.00, 99138387,2294,D,10736.00,10751.00
Kara ETF,20220209, 10736.00, 10738.00, 10735.00, 10736.00,1358897103070.00, 126572892,2896,D,10731.00,10736.00
Kara ETF,20220208, 10731.00, 10732.00, 10730.00, 10731.00,743505527815.00, 69286080,1659,D,10725.00,10731.00
Kara ETF,20220207, 10731.00, 10740.00, 10724.00, 10725.00,1493706353687.00, 139272177,3299,D,10747.00,10725.00
Kara ETF,20220206, 10721.00, 10760.00, 10721.00, 10747.00,137470750797.00, 12791043,539,D,10712.00,10756.00
Kara ETF,20220205, 10707.00, 10723.00, 10707.00, 10712.00,168338280536.00, 15714221,628,D,10701.00,10723.00
Kara ETF,20220202, 10685.00, 10720.00, 10685.00, 10701.00,313059277888.00, 29253802,794,D,10678.00,10716.00
Kara ETF,20220201, 10678.00, 10699.00, 10677.00, 10678.00,350415074567.00, 32815307,897,D,10671.00,10681.00
Kara ETF,20220131, 10670.00, 10673.00, 10670.00, 10671.00,602404582504.00, 56452679,1329,D,10664.00,10671.00
Kara ETF,20220130, 10663.00, 10666.00, 10663.00, 10664.00,395192023126.00, 37058964,913,D,10657.00,10664.00
Kara ETF,20220129, 10869.00, 10869.00, 10656.00, 10657.00,1826986460270.00, 171439947,3786,D,10655.00,10656.00
Kara ETF,20220126, 10677.00, 10677.00, 10645.00, 10655.00,426214117586.00, 40000736,1118,D,10640.00,10672.00
Kara ETF,20220125, 10638.00, 10659.00, 10637.00, 10640.00,896626266796.00, 84272520,2052,D,10632.00,10649.00
Kara ETF,20220124, 10631.00, 10636.00, 10631.00, 10632.00,773592846284.00, 72761472,1677,D,10626.00,10636.00
Kara ETF,20220123, 10625.00, 10627.00, 10625.00, 10626.00,1211436435174.00, 114009573,2490,D,10619.00,10626.00
Kara ETF,20220122, 10618.00, 10619.00, 10618.00, 10619.00,623702202932.00, 58735279,1492,D,10603.00,10619.00
Kara ETF,20220119, 10603.00, 10604.00, 10602.00, 10603.00,1415519595466.00, 133502518,2909,D,10594.00,10603.00
Kara ETF,20220118, 10594.00, 10594.00, 10593.00, 10594.00,344591006668.00, 32527415,804,D,10587.00,10594.00
Kara ETF,20220117, 10587.00, 10587.00, 10586.00, 10587.00,295780801761.00, 27938133,669,D,10580.00,10587.00
Kara ETF,20220116, 10580.00, 10581.00, 10579.00, 10580.00,661110298239.00, 62489437,1397,D,10573.00,10580.00
Kara ETF,20220115, 10573.00, 10574.00, 10573.00, 10573.00,321389786117.00, 30396631,720,D,10558.00,10573.00
Kara ETF,20220112, 10558.00, 10559.00, 10557.00, 10558.00,751997925466.00, 71225769,1566,D,10551.00,10558.00
Kara ETF,20220111, 10551.00, 10552.00, 10550.00, 10551.00,228837048390.00, 21689463,507,D,10545.00,10551.00
Kara ETF,20220110, 10544.00, 10545.00, 10544.00, 10545.00,212131434000.00, 20117164,504,D,10538.00,10545.00
Kara ETF,20220109, 10538.00, 10538.00, 10537.00, 10538.00,632144665842.00, 59987210,1314,D,10531.00,10538.00
Kara ETF,20220108, 10530.00, 10531.00, 10530.00, 10531.00,210467360961.00, 19986033,530,D,10511.00,10531.00
Kara ETF,20220105, 10511.00, 10511.00, 10510.00, 10511.00,104423650188.00, 9934761,291,D,10501.00,10511.00
Kara ETF,20220104, 10500.00, 10502.00, 10500.00, 10501.00,794365053055.00, 75647494,1613,D,10493.00,10501.00
Kara ETF,20220103, 10493.00, 10496.00, 10492.00, 10493.00,211329411918.00, 20139960,441,D,10486.00,10493.00
Kara ETF,20220102, 10486.00, 10486.00, 10485.00, 10486.00,132659236590.00, 12651115,305,D,10478.00,10486.00
Kara ETF,20220101, 10481.00, 10481.00, 10477.00, 10478.00,579519705835.00, 55308547,1165,D,10459.00,10478.00
Kara ETF,20211229, 10459.00, 10459.00, 10458.00, 10459.00,155289008210.00, 14847460,345,D,10451.00,10459.00
Kara ETF,20211228, 10452.00, 10452.00, 10451.00, 10451.00,18112423576.00, 1733011,80,D,10445.00,10452.00
Kara ETF,20211227, 10446.00, 10446.00, 10445.00, 10445.00,690738034206.00, 66128852,938,D,10438.00,10446.00
Kara ETF,20211226, 10438.00, 10438.00, 10437.00, 10438.00,265890420140.00, 25473348,506,D,10431.00,10437.00
Kara ETF,20211225, 10431.00, 10432.00, 10431.00, 10431.00,603551531103.00, 57859714,1176,D,10415.00,10432.00
Kara ETF,20211222, 10416.00, 10416.00, 10415.00, 10415.00,73429940004.00, 7050111,175,D,10409.00,10415.00
Kara ETF,20211221, 10408.00, 10410.00, 10408.00, 10409.00,243487184170.00, 23392516,533,D,10403.00,10409.00
Kara ETF,20211220, 10402.00, 10403.00, 10402.00, 10403.00,17317036727.00, 1664694,74,D,10397.00,10403.00
Kara ETF,20211219, 10397.00, 10398.00, 10396.00, 10397.00,359097929925.00, 34538828,741,D,10390.00,10397.00
Kara ETF,20211218, 10389.00, 10390.00, 10389.00, 10390.00,104317170783.00, 10040176,231,D,10373.00,10390.00
Kara ETF,20211215, 10373.00, 10373.00, 10372.00, 10373.00,50092440596.00, 4829138,134,D,10367.00,10373.00
Kara ETF,20211214, 10367.00, 10367.00, 10366.00, 10367.00,43319112856.00, 4178661,109,D,10361.00,10366.00
Kara ETF,20211213, 10360.00, 10361.00, 10360.00, 10361.00,10386976948.00, 1002539,54,D,10356.00,10361.00
Kara ETF,20211212, 10355.00, 10356.00, 10355.00, 10356.00,5419706866.00, 523344,28,D,10350.00,10355.00
Kara ETF,20211211, 10350.00, 10350.00, 10349.00, 10350.00,19803732365.00, 1913419,61,D,10333.00,10350.00
Kara ETF,20211208, 10333.00, 10333.00, 10332.00, 10333.00,236678629602.00, 22905128,499,D,10328.00,10333.00
Kara ETF,20211207, 10328.00, 10328.00, 10327.00, 10328.00,13874491526.00, 1343410,53,D,10322.00,10328.00
Kara ETF,20211206, 10322.00, 10323.00, 10321.00, 10322.00,7339095738.00, 711029,40,D,10316.00,10321.00
Kara ETF,20211205, 10316.00, 10316.00, 10315.00, 10316.00,94892669490.00, 9198600,205,D,10311.00,10316.00
Kara ETF,20211204, 10310.00, 10312.00, 10310.00, 10311.00,4028176074.00, 390659,23,D,10294.00,10311.00
Kara ETF,20211201, 10294.00, 10294.00, 10293.00, 10294.00,35317642105.00, 3430945,85,D,10288.00,10294.00
Kara ETF,20211130, 10288.00, 10289.00, 10287.00, 10288.00,3645742037.00, 354368,32,D,10283.00,10289.00
Kara ETF,20211129, 10284.00, 10284.00, 10282.00, 10283.00,4631860510.00, 450453,46,D,10278.00,10283.00
Kara ETF,20211128, 10280.00, 10280.00, 10278.00, 10278.00,39265285304.00, 3820288,116,D,10273.00,10278.00
Kara ETF,20211127, 10274.00, 10274.00, 10272.00, 10273.00,7819115836.00, 761139,43,D,10257.00,10274.00
Kara ETF,20211124, 10257.00, 10258.00, 10255.00, 10257.00,6037190216.00, 588608,25,D,10251.00,10257.00
Kara ETF,20211123, 10250.00, 10253.00, 10250.00, 10251.00,18468594355.00, 1801719,76,D,10246.00,10252.00
Kara ETF,20211122, 10244.00, 10247.00, 10244.00, 10246.00,10945333272.00, 1068302,60,D,10239.00,10247.00
Kara ETF,20211121, 10239.00, 10242.00, 10238.00, 10239.00,46279689895.00, 4519991,121,D,10235.00,10242.00
Kara ETF,20211120, 10234.00, 10236.00, 10233.00, 10235.00,5427736858.00, 530322,76,D,10217.00,10236.00
Kara ETF,20211117, 10218.00, 10219.00, 10216.00, 10217.00,35704705195.00, 3494595,154,D,10210.00,10219.00
Kara ETF,20211116, 10210.00, 10212.00, 10210.00, 10210.00,2201279496.00, 215598,27,D,10000.00,10212.00
Kara ETF,20211115, 0.00, 0.00, 0.00, 10000.00,0.00, 0,0,D,10000.00,10000.00
Kara ETF,20211114, 0.00, 0.00, 0.00, 10000.00,0.00, 0,0,D,10000.00,10000.00
Kara ETF,20211113, 0.00, 0.00, 0.00, 10000.00,0.00, 0,0,D,10000.00,10000.00
Kara ETF,20211110, 0.00, 0.00, 0.00, 10000.00,0.00, 0,0,D,10000.00,10000.00
Kara ETF,20211109, 0.00, 0.00, 0.00, 10000.00,0.00, 0,0,D,10000.00,10000.00
Kara ETF,20211108, 0.00, 0.00, 0.00, 10000.00,0.00, 0,0,D,10000.00,10000.00
Kara ETF,20211107, 0.00, 0.00, 0.00, 10000.00,0.00, 0,0,D,10000.00,10000.00
Kara ETF,20211106, 0.00, 0.00, 0.00, 10000.00,0.00, 0,0,D,10000.00,10000.00
Kara ETF,20211103, 0.00, 0.00, 0.00, 10000.00,0.00, 0,0,D,10000.00,10000.00
Kara ETF,20211102, 0.00, 0.00, 0.00, 10000.00,0.00, 0,0,D,10000.00,10000.00
Kara ETF,20211101, 0.00, 0.00, 0.00, 10000.00,0.00, 0,0,D,10000.00,10000.00
Kara ETF,20211031, 0.00, 0.00, 0.00, 10000.00,0.00, 0,0,D,10000.00,10000.00
Kara ETF,20211030, 0.00, 0.00, 0.00, 10000.00,0.00, 0,0,D,10000.00,10000.00
Kara ETF,20211027, 0.00, 0.00, 0.00, 10000.00,0.00, 0,0,D,10000.00,10000.00
Kara ETF,20211026, 0.00, 0.00, 0.00, 10000.00,0.00, 0,0,D,10000.00,10000.00
Kara ETF,20211025, 0.00, 0.00, 0.00, 10000.00,0.00, 0,0,D,10000.00,10000.00
Kara ETF,20211023, 0.00, 0.00, 0.00, 10000.00,0.00, 0,0,D,10000.00,10000.00
Kara ETF,20211020, 0.00, 0.00, 0.00, 10000.00,0.00, 0,0,D,10000.00,10000.00
Kara ETF,20211019, 0.00, 0.00, 0.00, 10000.00,0.00, 0,0,D,10000.00,10000.00
Kara ETF,20211018, 0.00, 0.00, 0.00, 10000.00,0.00, 0,0,D,10000.00,10000.00
Kara ETF,20211017, 0.00, 0.00, 0.00, 10000.00,0.00, 0,0,D,10000.00,10000.00
Kara ETF,20211016, 0.00, 0.00, 0.00, 10000.00,0.00, 0,0,D,10000.00,10000.00
Kara ETF,20211013, 0.00, 0.00, 0.00, 10000.00,0.00, 0,0,D,10000.00,10000.00
Kara ETF,20211012, 0.00, 0.00, 0.00, 10000.00,0.00, 0,0,D,10000.00,10000.00
Kara ETF,20211011, 0.00, 0.00, 0.00, 10000.00,0.00, 0,0,D,10000.00,10000.00
Kara ETF,20211010, 0.00, 0.00, 0.00, 10000.00,0.00, 0,0,D,10000.00,10000.00
Kara ETF,20211009, 10000.00, 10000.00, 10000.00, 10000.00,990000000000.00, 99000000,1250,D,10000.00,10000.00
Kara ETF,20211006, 0.00, 0.00, 0.00, 10000.00,0.00, 0,0,D,10000.00,10000.00
Kara ETF,20211004, 0.00, 0.00, 0.00, 10000.00,0.00, 0,0,D,10000.00,10000.00
